trade_date,qid_date,open,high,low,close,vol,amount,pct_chg,group_len,total_profit
2021/12/6,2021/12/3,4909.429,4943.903,4888.693,4892.621,1736156.83,33340579.1,-0.001713,26,998287
2021/12/7,2021/12/6,4930.826,4934.097,4895.218,4922.102,1790534.6,34061776.62,0.006026,19,1004302.677
2021/12/8,2021/12/7,4934.406,4995.93,4915.79,4995.93,1574905.59,32906483.12,0.014999,13,1019366.213
2021/12/9,2021/12/8,5000.687,5114.501,4999.41,5078.69,2205687.76,42568095.88,0.016565,26,1036252.015
2021/12/10,2021/12/9,5046.268,5060.055,5035.809,5055.117,1936951.54,35691762.54,-0.004642,36,1031441.733
2021/12/13,2021/12/10,5090.021,5143.841,5079.728,5083.801,2118015.96,42637653.25,0.005674,20,1037294.133
2021/12/14,2021/12/13,5066.35,5075.214,5038.858,5049.695,1591077.9,31868553.81,-0.006709,29,1030334.927
2021/12/15,2021/12/14,5036.284,5060.368,5003.778,5005.899,1505297.52,29107256.88,-0.008673,10,1021398.832
2021/12/16,2021/12/15,5006.611,5034.732,4987.225,5034.732,1440538.67,29147476.69,0.00576,24,1027282.089
2021/12/17,2021/12/16,5021.339,5022.107,4954.759,4954.76,1490053.99,29794331.12,-0.015884,17,1010964.741
2021/12/20,2021/12/17,4934.966,4971.673,4872.685,4880.418,1696756.9,31753691.94,-0.015004,35,995796.2256
2021/12/21,2021/12/20,4876.514,4917.799,4872.949,4913.485,1433398.98,25902317.73,0.006775,27,1002542.745
2021/12/22,2021/12/21,4924.577,4936.673,4903.165,4914.454,1332567.4,24464245.05,0.000197,24,1002740.246
2021/12/23,2021/12/22,4924.291,4948.739,4906.747,4948.739,1395554.06,26335975.48,0.006976,29,1009735.362
2021/12/24,2021/12/23,4953.062,4964.906,4905.979,4921.345,1426733.23,29048366.35,-0.005536,30,1004145.467
2021/12/27,2021/12/24,4918.146,4939.689,4894.16,4919.324,1241009.52,25442152.52,-0.000411,23,1003732.763
2021/12/28,2021/12/27,4923.692,4959.145,4913.598,4955.964,1304577.57,27631673.22,0.007448,28,1011208.565
2021/12/29,2021/12/28,4958.646,4958.646,4883.48,4883.48,1135870.02,27322546.71,-0.014626,30,996418.6283
2021/12/30,2021/12/29,4882.156,4940.178,4878.648,4921.511,1216171.78,26802247.73,0.007788,26,1004178.737
2021/12/31,2021/12/30,4937.463,4950.364,4923.139,4940.373,1213137.37,26697538.87,0.003833,56,1008027.754
2022/1/4,2021/12/31,4957.984,4961.453,4874.534,4917.765,1515347.76,33651696.16,-0.004576,0,1003415.019
2022/1/5,2022/1/4,4907.935,4916.282,4851.984,4868.12,1788161,36394452.88,-0.010095,34,993285.5441
2022/1/6,2022/1/5,4842.156,4857.56,4786.433,4818.232,1576658.26,32175007.65,-0.010248,35,983106.3538
2022/1/7,2022/1/6,4824.318,4856.652,4818.193,4822.369,1871394.13,33221895.07,0.000859,28,983950.8422
2022/1/10,2022/1/7,4812.23,4844.393,4780.819,4844.045,1562116.96,30503381.68,0.004495,40,988373.7012
2022/1/11,2022/1/10,4840.009,4850.879,4791.885,4797.774,1469280.04,28644575.6,-0.009552,45,978932.7556
2022/1/12,2022/1/11,4818.89,4852.731,4810.919,4845.579,1432002.04,29315304.28,0.009964,52,988686.8416
2022/1/13,2022/1/12,4853.031,4853.063,4765.242,4765.919,1425196.53,28879911.7,-0.01644,67,972432.8299
2022/1/14,2022/1/13,4743.912,4764.052,4723.943,4726.732,1468631.26,28182844.85,-0.008222,50,964437.4872
2022/1/17,2022/1/14,4728.76,4775.239,4726.708,4767.276,1152956.91,26378824.17,0.008578,69,972710.432
2022/1/18,2022/1/17,4766.781,4826.3,4747.92,4813.347,1508708.02,28274939.31,0.009664,80,982110.7056
2022/1/19,2022/1/18,4815.811,4828.752,4755.93,4780.378,1339273.6,27553455.75,-0.006849,77,975384.2294
2022/1/20,2022/1/19,4778.262,4845.005,4777.568,4823.509,1649713.15,30434426.8,0.009023,58,984185.1213
2022/1/21,2022/1/20,4808.773,4818.305,4762.564,4779.314,1389525.85,27469915.53,-0.009162,43,975168.0172
2022/1/24,2022/1/21,4753.941,4801.098,4746.448,4786.738,1144638.8,24626159.49,0.001553,53,976682.4531
2022/1/25,2022/1/24,4761.95,4781.391,4678.247,4678.451,1336675.86,25055576.92,-0.022622,79,954587.9427
2022/1/26,2022/1/25,4697.099,4718.995,4648.128,4712.311,1070708.42,22655344.84,0.007237,89,961496.2956
2022/1/27,2022/1/26,4708.099,4708.436,4616.027,4619.877,1212638.04,25053565.48,-0.019615,92,942636.5458
2022/1/28,2022/1/27,4641.814,4660.519,4559.833,4563.772,1264801.12,26396789.18,-0.012144,112,931189.1676
2022/2/7,2022/1/28,4638.575,4672.654,4615.005,4634.09,1448497.2,26603179.4,0.015408,0,945536.9302
2022/2/8,2022/2/7,4626.437,4626.437,4522.471,4608.773,1558307.08,28136487.38,-0.005463,83,940371.462
2022/2/9,2022/2/8,4608.149,4659.461,4595.283,4652.061,1483355.47,27377196.05,0.009393,43,949204.3711
2022/2/10,2022/2/9,4657.211,4657.211,4608.091,4639.863,1515766.66,28722438.81,-0.002622,40,946715.5573
2022/2/11,2022/2/10,4617.874,4662.596,4595.875,4601.395,1559745.84,30793801.67,-0.008291,26,938866.3386
2022/2/14,2022/2/11,4579.42,4593.632,4530.057,4551.688,1436738.94,27573755.35,-0.010803,0,928723.7655
2022/2/15,2022/2/14,4553.811,4601.453,4550.543,4600.103,1150256,24997700.87,0.010637,0,938602.6002
2022/2/16,2022/2/15,4619.846,4643.1,4607.218,4617.989,1072589.55,21019093.1,0.003888,0,942251.8871
2022/2/17,2022/2/16,4616.896,4650.159,4606.952,4629.165,1100146.43,22794624.93,0.00242,32,944532.1367
2022/2/18,2022/2/17,4604.567,4651.342,4598.1,4651.236,1045502.28,19582570.05,0.004768,18,949035.6659
2022/2/21,2022/2/18,4646.052,4646.672,4613.297,4634.314,1125165.12,21503918.23,-0.003638,31,945583.0742
2022/2/22,2022/2/21,4601.918,4602.066,4550.804,4574.153,1233172.37,24687296.07,-0.012982,43,933307.5147
2022/2/23,2022/2/22,4582.006,4625.298,4579.295,4623.047,1229529.16,25905014.62,0.010689,22,943283.6387
2022/2/24,2022/2/23,4592.069,4610.879,4488.476,4529.319,1844030.58,34234666.69,-0.020274,44,924159.5062
2022/2/25,2022/2/24,4564.632,4611.86,4561.896,4573.425,1497225.83,27172759.97,0.009738,41,933158.9715
2022/2/28,2022/2/25,4563.743,4581.646,4530.676,4581.646,1354069.78,24836372.75,0.001798,52,934836.7913
2022/3/1,2022/2/28,4597.855,4623.431,4583.917,4619.686,1231392.2,26043118.51,0.008303,66,942598.7412
2022/3/2,2022/3/1,4594.017,4594.017,4558.442,4578.601,1132983.25,21529965.54,-0.008893,53,934216.2106
2022/3/3,2022/3/2,4595.025,4599.397,4544.431,4551.628,1382858.77,24270177.2,-0.005891,51,928712.7429
2022/3/4,2022/3/3,4513.364,4539.393,4481.493,4496.43,1272668.06,24997028.23,-0.012127,33,917450.2435
2022/3/7,2022/3/4,4462.517,4462.517,4338.304,4352.778,1621977.06,30689852.77,-0.031948,52,888139.5431
2022/3/8,2022/3/7,4361.642,4383.647,4252.539,4265.391,1678632.77,31517669.84,-0.020076,35,870309.2536
2022/3/9,2022/3/8,4280.979,4304.482,4068.193,4226.346,1942329,34100939.19,-0.009154,54,862342.4427
2022/3/10,2022/3/9,4326.204,4335.673,4288.508,4292.837,1452663.83,30163618.22,0.015733,41,875909.6764
2022/3/11,2022/3/10,4231.196,4316.044,4176.452,4306.522,1523999.21,29500883.24,0.003188,137,878702.0764
2022/3/14,2022/3/11,4248.153,4280.361,4174.758,4174.758,1301872.36,26069165.95,-0.030596,168,851817.3077
2022/3/15,2022/3/14,4125.487,4163.418,3983.812,3983.812,2025246.99,34698894.74,-0.045738,60,812856.8877
2022/3/16,2022/3/15,4053.099,4168.585,3942.861,4156.081,1960219.82,37888358.83,0.043242,64,848006.4452
2022/3/17,2022/3/16,4237.672,4302.743,4217.804,4237.696,1794073.44,38503919.73,0.019637,67,864658.7478
2022/3/18,2022/3/17,4218.474,4283.368,4194.94,4265.902,1494583.05,27579129.11,0.006656,73,870413.9164
2022/3/21,2022/3/18,4280.14,4287.817,4223.024,4258.746,1270363.6,25121454.33,-0.001677,159,868954.2323
2022/3/22,2022/3/21,4252.566,4283.334,4236.689,4255.295,1263824.7,22621353.4,-0.00081,114,868250.3793
2022/3/23,2022/3/22,4269.609,4287.577,4241.957,4276.517,1170890.78,22639077.84,0.004987,71,872580.344
2022/3/24,2022/3/23,4249.533,4273.957,4216.851,4251.306,1089182.72,21959443.05,-0.005895,88,867436.4829
2022/3/25,2022/3/24,4249.073,4254.845,4173.93,4174.574,1088080.46,21701318.73,-0.018049,68,851780.1218
2022/3/28,2022/3/25,4128.838,4174.121,4091.298,4148.466,1184490.21,21346897.4,-0.006254,158,846453.0889
2022/3/29,2022/3/28,4155.418,4177.213,4124.718,4134.144,1002669.72,19946385.37,-0.003452,128,843531.1328
2022/3/30,2022/3/29,4162.167,4254.099,4160.735,4254.099,1383460.24,26886918.12,0.029016,151,868007.0322
2022/3/31,2022/3/30,4234.716,4247.36,4214.535,4222.597,1340291.85,23887721.68,-0.007405,169,861579.4401
2022/4/1,2022/3/31,4198.819,4290.671,4190.084,4276.158,1338030.53,24475887.08,0.012684,420,872507.7137
2022/4/6,2022/4/1,4258.833,4277.524,4236.728,4263.841,1590621.95,25369092.99,-0.00288,0,869994.8915
2022/4/7,2022/4/6,4240.024,4278.113,4205.743,4209.1,1348803.53,21699618.55,-0.012838,135,858825.8971
2022/4/8,2022/4/7,4213.211,4237.813,4175.529,4230.767,1428437.93,22908176.48,0.005148,54,863247.1328
2022/4/11,2022/4/8,4203.79,4203.79,4089.093,4100.07,1481970.71,26522493.25,-0.030892,144,836579.7024
2022/4/12,2022/4/11,4102.971,4179.973,4075.796,4179.973,1442856.84,25283041.28,0.019488,131,852882.9676
2022/4/13,2022/4/12,4154.412,4194.037,4139.737,4139.737,1250974.89,22128102.96,-0.009626,150,844673.1162
2022/4/14,2022/4/13,4172.644,4217.061,4155.551,4191.568,1247913.16,24599382.2,0.01252,115,855248.4236
2022/4/15,2022/4/14,4162.372,4211.317,4152.974,4188.747,1247622.63,22622974.03,-0.000673,70,854672.8414
2022/4/18,2022/4/15,4152.931,4171.743,4119.994,4166.384,1175046.1,21285532.82,-0.005339,201,850109.7431
2022/4/19,2022/4/18,4161.933,4186.939,4115.418,4134.902,1102174.71,20857057.91,-0.007556,206,843686.3139
2022/4/20,2022/4/19,4130.543,4136.166,4060.504,4070.789,1173316.58,21653663.57,-0.015505,122,830604.9576
2022/4/21,2022/4/20,4048.734,4086.439,3978.367,3995.83,1327838.28,22702667.97,-0.018414,179,815310.1979
2022/4/22,2022/4/21,3967.202,4037.084,3953.722,4013.25,1221018.11,20637176.67,0.00436,137,818864.9504
2022/4/25,2022/4/22,3933.446,3958.21,3814.913,3814.913,1683645.02,27288927.23,-0.049421,341,778395.8257
2022/4/26,2022/4/25,3822.489,3871.85,3773.899,3784.12,1575776.11,25962635.42,-0.008072,195,772112.6146
2022/4/27,2022/4/26,3758.084,3895.731,3757.086,3895.536,1727340.46,29692410.29,0.029443,307,794845.9263
2022/4/28,2022/4/27,3883.42,3943.435,3873.578,3921.107,1530565.86,26850224.25,0.006564,301,800063.2949
2022/4/29,2022/4/28,3939.624,4017.428,3898.57,4016.241,1794583.77,32141487.74,0.024262,1101,819474.4306
2022/5/5,2022/4/29,3995.353,4039.7,3988.931,4010.21,1541707.16,29053823.07,-0.001502,0,818243.58
2022/5/6,2022/5/5,3928.855,3947.238,3902.051,3908.815,1230055.51,21482517.4,-0.025284,432,797555.1093
2022/5/9,2022/5/6,3883.951,3914.112,3854.935,3877.436,929366.94,17175650.29,-0.008028,319,791152.3369
2022/5/10,2022/5/9,3820.628,3932.682,3808.57,3919.868,1364169.18,23906021.19,0.010943,86,799809.9169
2022/5/11,2022/5/10,3917.932,4033.303,3916.525,3976.423,1656322.56,30929491.28,0.014428,56,811349.5744
2022/5/12,2022/5/11,3949.949,3985.927,3935.589,3958.74,1133760.66,20202915.64,-0.004447,46,807741.5028
2022/5/13,2022/5/12,3983.82,4003.854,3957.139,3988.6,1099683.57,19572704.49,0.007543,35,813834.297
2022/5/16,2022/5/13,4014.996,4018.028,3947.746,3956.538,1124252.94,19971790.95,-0.008038,50,807292.6969
2022/5/17,2022/5/16,3961.761,4005.893,3955.102,4005.893,1096614.54,21011753.97,0.012474,57,817362.866
2022/5/18,2022/5/17,4015.013,4017.341,3964.75,3991.907,1080742.33,20180066.61,-0.003491,33,814509.4523
2022/5/19,2022/5/18,3938.296,3999.598,3933.745,3999.598,1162934.2,21020668.16,0.001927,29,816079.012
2022/5/20,2022/5/19,4020.816,4077.602,4020.816,4077.6,1470691.73,26560908.99,0.019502,42,831994.1849
2022/5/23,2022/5/20,4080.969,4080.969,4029.085,4053.982,1304778.1,22598154.09,-0.005792,33,827175.2745
2022/5/24,2022/5/23,4052.868,4055.783,3959.154,3959.154,1455543.36,24771303.97,-0.023391,51,807826.8177
2022/5/25,2022/5/24,3959.767,3983.624,3946.808,3983.178,1077340.15,18870053.74,0.006068,63,812728.7108
2022/5/26,2022/5/25,3987.682,4015.747,3938.239,3993.045,1262636.89,21698702.54,0.002477,44,814741.8398
2022/5/27,2022/5/26,4022.71,4051.143,3983.384,4001.299,1127693.37,20694442.62,0.002067,17,816425.9112
2022/5/30,2022/5/27,4020.858,4040.819,4003.377,4029.018,1111522.41,21114472.16,0.006928,60,822082.1099
2022/5/31,2022/5/30,4031.762,4096.197,4020.378,4091.518,1354155.13,26777008.87,0.015512,39,834834.2476
2022/6/1,2022/5/31,4086.618,4094.901,4058.847,4083.177,1148508.79,22541623.79,-0.002039,42,833132.0206
2022/6/2,2022/6/1,4064,4091.152,4057.914,4089.568,1138936.38,22265753.79,0.001565,46,834435.8722
2022/6/6,2022/6/2,4090.529,4166.615,4063.906,4166.085,1678710.11,32407562.69,0.01871,0,850048.1674
2022/6/7,2022/6/6,4165.69,4198.086,4155.168,4179.129,1429928.81,28573372.23,0.003131,30,852709.6682
2022/6/8,2022/6/7,4187.148,4224.81,4158.033,4219.812,1573740.57,31948025.28,0.009735,27,861010.7968
2022/6/9,2022/6/8,4211.723,4227.448,4160.881,4175.675,1684491.54,28517280.42,-0.010459,16,852005.4849
2022/6/10,2022/6/9,4145.651,4241.354,4140.22,4238.994,1847962.14,32409144.07,0.015164,25,864925.2961
2022/6/13,2022/6/10,4194.457,4218.233,4156.715,4189.353,1684756.22,33658567.05,-0.011711,36,854796.1559
2022/6/14,2022/6/13,4143.223,4224.086,4102.929,4222.311,1713859.04,33541855.79,0.007867,24,861520.8373
2022/6/15,2022/6/14,4228.293,4348.423,4228.293,4278.218,2570465.9,45976682.07,0.013241,16,872928.2347
2022/6/16,2022/6/15,4282.083,4302.921,4241.075,4250.061,1840744.16,33723591.15,-0.006581,26,867183.494
2022/6/17,2022/6/16,4219.234,4318.766,4218.682,4309.044,1586490.98,34667572.68,0.013878,23,879218.2665
2022/6/20,2022/6/17,4322.832,4368.356,4297.891,4330.433,1656663.82,35956929.69,0.004964,44,883582.706
2022/6/21,2022/6/20,4327.916,4357.34,4287.141,4325.566,1646676.15,31716331.77,-0.001124,27,882589.559
2022/6/22,2022/6/21,4331.902,4333.183,4269.246,4270.623,1585658.54,29865626.33,-0.012702,18,871378.9064
2022/6/23,2022/6/22,4277.956,4343.878,4260.9,4343.878,1708823.6,32714478.05,0.017153,19,886325.6688
2022/6/24,2022/6/23,4354.553,4400.685,4346.122,4394.772,1689721.99,35605475.05,0.011716,24,896709.8603
2022/6/27,2022/6/24,4414.332,4472.695,4414.332,4444.264,1773856.76,38143296.63,0.011262,32,906808.6068
2022/6/28,2022/6/27,4442.581,4497.895,4407.352,4490.517,1747564.89,36168597.07,0.010407,40,916245.764
2022/6/29,2022/6/28,4472.735,4503.131,4413.996,4421.357,1872766.88,39592610.77,-0.015401,33,902134.663
2022/6/30,2022/6/29,4418.066,4514.997,4418.066,4485.011,1566662.89,35434388.68,0.014397,42,915122.6957
2022/7/1,2022/6/30,4489.52,4500.985,4449.291,4466.718,1447795.99,31849213.02,-0.004079,56,911389.9102
2022/7/4,2022/7/1,4447.216,4496.034,4427.823,4496.03,1463456.51,35696852.13,0.006562,60,917370.4508
2022/7/5,2022/7/4,4505.457,4530.325,4439.451,4489.538,1549624.15,36189185.08,-0.001444,57,916045.7679
2022/7/6,2022/7/5,4475.482,4484.362,4393.417,4423.97,1498002.35,34467270.77,-0.014605,39,902666.9194
2022/7/7,2022/7/6,4425.281,4457.343,4391.194,4443.474,1326609.06,32813313.37,0.004409,44,906646.7779
2022/7/8,2022/7/7,4468.063,4479.494,4426.886,4428.781,1231957.39,30403110.73,-0.003307,40,903648.497
2022/7/11,2022/7/8,4406.148,4406.148,4330.582,4354.617,1344485.78,29919523.34,-0.016746,75,888515.9993
2022/7/12,2022/7/11,4352.646,4370.341,4296.622,4313.618,1301878.38,29107231.19,-0.009415,61,880150.6211
2022/7/13,2022/7/12,4313.359,4341.466,4284.942,4321.462,1311131.79,28607554.54,0.001818,104,881750.735
2022/7/14,2022/7/13,4308.823,4352.098,4292.76,4322.074,1452509.26,30156986.1,0.000142,84,881875.9436
2022/7/15,2022/7/14,4299.471,4344.857,4248.527,4248.527,1502144.53,31679319.27,-0.017017,99,866869.0606
2022/7/18,2022/7/15,4262.154,4300.778,4217.506,4292.586,1226011.92,28105512.86,0.01037,285,875858.4928
2022/7/19,2022/7/18,4288.444,4288.444,4238.824,4269.34,1038057.3,23111773.18,-0.005415,71,871115.7191
2022/7/20,2022/7/19,4291.281,4303.367,4269.972,4283.803,944901.44,21230188.14,0.003388,58,874067.0591
2022/7/21,2022/7/20,4270.362,4283.147,4236.05,4236.058,1171563.44,23922814.68,-0.011145,58,864325.5817
2022/7/22,2022/7/21,4251.787,4275.47,4207.314,4238.234,1038406.24,22429533.35,0.000514,42,864769.8451
2022/7/25,2022/7/22,4233.928,4234.845,4201.919,4212.644,836366.64,18813642.67,-0.006038,109,859548.3648
2022/7/26,2022/7/25,4220.091,4259.985,4214.534,4245.976,858232.74,19760140.64,0.007912,36,866349.1114
2022/7/27,2022/7/26,4236.154,4242.095,4217.281,4225.036,789049.4,19424530.38,-0.004932,40,862076.2776
2022/7/28,2022/7/27,4242.274,4267.918,4223.029,4225.673,1075319.3,24387148.65,0.000151,68,862206.4511
2022/7/29,2022/7/28,4226.425,4243.514,4160.874,4170.102,1141792.86,25319857.46,-0.013151,67,850867.5741
2022/8/1,2022/7/29,4160.648,4196.574,4129.453,4188.678,1077490.29,25112530.86,0.004455,86,854658.1891
2022/8/2,2022/8/1,4144.377,4144.377,4071.431,4107.024,1422244.25,28101355.53,-0.019494,70,837997.4824
2022/8/3,2022/8/2,4114.825,4150.98,4058.179,4066.975,1166661.24,26869583.48,-0.009751,11,829826.1689
2022/8/4,2022/8/3,4089.442,4108.159,4064.659,4101.537,895326.44,21689867.49,0.008498,63,836878.0317
2022/8/5,2022/8/4,4109.629,4159.485,4097.863,4156.911,1025710.04,24732590.2,0.013501,32,848176.722
2022/8/8,2022/8/5,4142.111,4155.73,4135.081,4148.075,902081.38,22408081.21,-0.002126,71,846373.4983
2022/8/9,2022/8/8,4143.666,4161.809,4131.425,4156.291,841369.59,21422369.23,0.001981,43,848050.1642
2022/8/10,2022/8/9,4149.207,4160.787,4092.546,4109.737,855658.39,21744736.85,-0.011201,77,838551.1543
2022/8/11,2022/8/10,4130.741,4193.812,4116.056,4193.543,1213850.51,26963099.84,0.020392,82,855650.8895
2022/8/12,2022/8/11,4185.42,4202.466,4175.05,4191.152,1068082.95,21920805.53,-0.00057,100,855163.1685
2022/8/15,2022/8/12,4180.001,4219.918,4174.3,4185.679,1058984.95,24553980.1,-0.001306,138,854046.3254
2022/8/16,2022/8/15,4190.527,4208.801,4170.52,4177.837,939061.39,23381858.47,-0.001874,91,852445.8425
2022/8/17,2022/8/16,4182.567,4222.787,4155.173,4216.959,1128646.59,25204432.51,0.009364,160,860428.1454
2022/8/18,2022/8/17,4205.785,4211.914,4173.541,4180.1,1010526.5,23311549.14,-0.008741,126,852907.143
2022/8/19,2022/8/18,4174.546,4185.658,4151.074,4151.074,1174029.78,26249412.82,-0.006944,174,846984.5558
2022/8/22,2022/8/19,4135.162,4183.65,4134.201,4181.397,1124427.2,25974716.37,0.007305,255,853171.778
2022/8/23,2022/8/22,4175.531,4187.388,4147.413,4161.082,1031535.12,23910133.08,-0.004858,261,849027.0695
2022/8/24,2022/8/23,4168.576,4174.157,4079.093,4082.42,1190696.79,26284430.93,-0.018904,230,832977.0618
2022/8/25,2022/8/24,4093.295,4119.62,4058.745,4116.24,1113207.45,24214958.15,0.008284,197,839877.4437
2022/8/26,2022/8/25,4127.814,4139.788,4102.682,4107.546,990004.93,22551919.68,-0.002112,248,838103.6226
2022/8/29,2022/8/26,4063.883,4092.947,4059.596,4089.521,943544.32,20308611.47,-0.004388,680,834426.0239
2022/8/30,2022/8/29,4088.526,4093.136,4048.524,4075.794,933016.62,19264900.13,-0.003357,382,831624.8557
2022/8/31,2022/8/30,4057.144,4112.849,4046.623,4078.84,1324497.65,29297466.55,0.000747,461,832246.0795
2022/9/1,2022/8/31,4066.187,4090.885,4041.128,4043.74,973870.71,21089850.35,-0.008605,509,825084.602
2022/9/2,2022/9/1,4054.842,4056.181,4004.911,4023.613,867892.78,18446832.7,-0.004977,407,820978.1559
2022/9/5,2022/9/2,4010.405,4016.999,3982.74,4015.426,937671.09,20111869.66,-0.002035,369,819307.4654
2022/9/6,2022/9/5,4024.473,4054.004,4009.583,4052.28,1135062.65,23592183.81,0.009178,232,826827.0693
2022/9/7,2022/9/6,4032.723,4067.544,4028.374,4054.983,1076780.59,21514715.22,0.000667,93,827378.5629
2022/9/8,2022/9/7,4059.169,4067.758,4036.023,4037.684,1008860.49,18688904.8,-0.004266,68,823848.966
2022/9/9,2022/9/8,4050.585,4099.008,4042.25,4093.787,1184271.14,22144254.72,0.013895,76,835296.3474
2022/9/13,2022/9/9,4112.012,4128.111,4097.141,4111.115,1117897.37,21852106.21,0.004233,0,838832.1568
2022/9/14,2022/9/13,4058.044,4089.058,4047.919,4065.359,907936.81,18548496.51,-0.01113,24,829495.9549
2022/9/15,2022/9/14,4078.65,4088.808,3998.856,4027.119,1239511.96,25436749.28,-0.009406,40,821693.7159
2022/9/16,2022/9/15,4013.583,4019.41,3932.683,3932.683,1371936.55,24125184.01,-0.02345,26,802424.9983
2022/9/19,2022/9/16,3928.424,3953.649,3910.311,3928,977195.75,18357444.06,-0.001191,42,801469.3101
2022/9/20,2022/9/19,3945.647,3957.554,3921.688,3932.836,848241.34,17924815.35,0.001231,30,802455.9189
2022/9/21,2022/9/20,3921.318,3924.391,3884.227,3903.735,864583.91,16893907.43,-0.007399,20,796518.5475
2022/9/22,2022/9/21,3875.177,3900.274,3860.231,3869.344,809469.19,16113410.28,-0.00881,20,789501.2191
2022/9/23,2022/9/22,3865.105,3888.396,3829.691,3856.021,943424.62,17290480.74,-0.003443,12,786782.9664
2022/9/26,2022/9/23,3829.596,3893.319,3827.95,3836.677,1045260.31,19290620.03,-0.005017,32,782835.6763
2022/9/27,2022/9/26,3844.069,3893.028,3827.927,3892.295,888601.6,18595524.74,0.014496,27,794183.6622
2022/9/28,2022/9/27,3879.44,3879.44,3828.055,3828.71,865922.13,17243804.28,-0.016336,32,781209.8779
2022/9/29,2022/9/28,3864.316,3873.182,3808.65,3827.143,856541.42,17163594,-0.000409,23,780890.3631
2022/9/30,2022/9/29,3833.35,3848.602,3801.28,3804.885,785599.66,15869274.88,-0.005816,0,776348.7047
2022/10/10,2022/9/30,3806.56,3807.457,3715.714,3720.937,1026475.95,19463590.41,-0.022063,38,759220.1233
2022/10/11,2022/10/10,3732.019,3739.808,3706.063,3727.687,839446.25,16680039.49,0.001814,41,760597.3486
2022/10/12,2022/10/11,3722.866,3784.306,3661.526,3784.306,1080893.19,21093136.23,0.015189,58,772150.0617
2022/10/13,2022/10/12,3756.418,3783.596,3749.639,3752.673,990189.15,19836889.15,-0.008359,41,765695.6593
2022/10/14,2022/10/13,3783.316,3863.227,3780.842,3842.47,1162422.93,25655127.2,0.023929,67,784017.9908
2022/10/17,2022/10/14,3822.243,3849.621,3809.12,3846.412,1041920.19,22048887.44,0.001026,89,784822.3932
2022/10/18,2022/10/17,3865.826,3870.216,3831.172,3838.267,883469.07,18655629.58,-0.002118,136,783160.1394
2022/10/19,2022/10/18,3827.466,3840.487,3776.534,3776.534,815748.44,18673640.82,-0.016084,87,770563.7917
2022/10/20,2022/10/19,3746.579,3804.247,3726.793,3754.927,902908.95,20378161.89,-0.005721,69,766155.3963
2022/10/21,2022/10/20,3753.89,3768.69,3724.69,3742.893,987500.38,18068635.77,-0.003205,54,763699.8682
2022/10/24,2022/10/21,3727.915,3762.158,3619.988,3633.373,1300568.64,25945074.31,-0.029261,133,741353.2464
2022/10/25,2022/10/24,3621.936,3670.733,3594.701,3627.454,1109538.82,21930275.96,-0.001629,81,740145.5819
2022/10/26,2022/10/25,3633.311,3700.88,3633.311,3656.903,1213015.48,24245381.06,0.008118,163,746154.0838
2022/10/27,2022/10/26,3667.665,3685.084,3631.064,3631.145,1179986.75,25747331.57,-0.007044,251,740898.1744
2022/10/28,2022/10/27,3605.16,3618.864,3533.499,3541.33,1187721.62,24581645.2,-0.024735,362,722572.0581
2022/10/31,2022/10/28,3504.507,3553.387,3495.951,3508.703,1384656.55,25657482.21,-0.009213,932,715915.0017
2022/11/1,2022/10/31,3519.817,3634.173,3517.621,3634.173,1492866.98,29508992.84,0.03576,545,741516.1221
2022/11/2,2022/11/1,3620.369,3703.465,3610.803,3677.805,1415929.19,29164824.57,0.012006,478,750418.7647
2022/11/3,2022/11/2,3645.06,3670.157,3628.499,3647.897,1105660.35,21537929.8,-0.008132,300,744316.3593
2022/11/4,2022/11/3,3646.771,3782.882,3646.771,3767.175,1497349.49,31114547.76,0.032698,150,768654.0156
2022/11/7,2022/11/4,3754.523,3792.794,3746.372,3775.297,1298263.71,25119569.99,0.002156,201,770311.2337
2022/11/8,2022/11/7,3773.661,3779.116,3723.342,3749.325,990164.51,19335132.49,-0.006879,115,765012.2627
2022/11/9,2022/11/8,3750.782,3760.407,3711.268,3714.27,894345.25,17202952.99,-0.00935,43,757859.3981
2022/11/10,2022/11/9,3685.827,3701.531,3665.059,3685.689,1035093.02,18315530.87,-0.007695,35,752027.67
2022/11/11,2022/11/10,3787.757,3828.9,3747.09,3788.439,1896855.86,34447132.63,0.027878,32,772992.6974
2022/11/14,2022/11/11,3818.145,3848.412,3781.778,3794.017,1696650.48,31553685.61,0.001472,34,774130.5426
2022/11/15,2022/11/14,3788.926,3871.642,3775.499,3865.973,1515156.5,29626814.28,0.018966,105,788812.7025
2022/11/16,2022/11/15,3860.811,3877.678,3829.313,3834.39,1206109.64,23584458.82,-0.008169,35,782368.8915
2022/11/17,2022/11/16,3821.271,3821.742,3776.574,3818.664,1059406.32,21954081.13,-0.004101,31,779160.3967
2022/11/18,2022/11/17,3823.821,3840.302,3801.569,3801.569,1150787.77,22427613.1,-0.004477,30,775672.0956
2022/11/21,2022/11/18,3769.627,3769.873,3733.995,3769.127,958669.66,18823037.37,-0.008534,33,769052.5099
2022/11/22,2022/11/21,3766.082,3809.858,3751.045,3769.573,1444863.34,20349082.84,0.000118,28,769143.2581
2022/11/23,2022/11/22,3760.216,3791.178,3753.214,3773.529,1445279.11,20107060.12,0.001049,25,769950.0894
2022/11/24,2022/11/23,3791.54,3804.899,3751.382,3756.808,1010734.47,16069892.15,-0.004431,19,766538.4406
2022/11/25,2022/11/24,3751.282,3790.566,3743.414,3775.776,1429297.11,19171104.07,0.005049,22,770408.6932
2022/11/28,2022/11/25,3701.902,3736.081,3672.131,3733.242,1278257.48,19630556.17,-0.011265,32,761730.0392
2022/11/29,2022/11/28,3766.57,3854.774,3766.57,3848.422,1787013.92,28906233.64,0.030853,18,785231.6961
2022/11/30,2022/11/29,3836.56,3867.659,3833.827,3853.037,1575114,25005146.81,0.001199,30,786173.1889
2022/12/1,2022/11/30,3921.295,3944.565,3893.872,3894.769,1699645.85,30667819.57,0.010831,32,794688.2307
2022/12/2,2022/12/1,3886.403,3898.115,3865.884,3870.948,1167863.5,20125316.64,-0.006116,26,789827.9175
2022/12/5,2022/12/2,3907.638,3947.476,3900.674,3946.876,2017472.21,29661551.23,0.019615,43,805320.3921
2022/12/6,2022/12/5,3929.006,3988.901,3922.997,3968.198,1551083.23,27558343.08,0.005402,28,809670.7329
2022/12/7,2022/12/6,3956.672,3999.586,3944.183,3958.441,1430013.56,25549082.9,-0.002459,26,807679.7525
2022/12/8,2022/12/7,3953.199,3971.493,3941.297,3959.18,1151999.86,19803769.05,0.000187,19,807830.7887
2022/12/9,2022/12/8,3961.992,4003.318,3944.44,3998.244,1537749.54,26816678.97,0.009867,17,815801.6551
2022/12/12,2022/12/9,3976.172,3983.433,3950.32,3953.443,1259353.68,22760630.09,-0.011205,43,806660.5975
2022/12/13,2022/12/12,3953.548,3964.396,3939.98,3945.681,1009941,18402070.01,-0.001963,33,805077.1228
2022/12/14,2022/12/13,3952.789,3972.738,3935.767,3954.886,985280.06,19617510.86,0.002333,20,806955.3677
2022/12/15,2022/12/14,3954.672,3963.5,3926.5,3951.989,888647.25,18199488.91,-0.000733,17,806363.8694
2022/12/16,2022/12/15,3931.232,3960.471,3929.487,3954.227,931785.67,16748844.26,0.000566,17,806820.2713
2022/12/19,2022/12/16,3952.771,3966.568,3878.437,3893.221,1069190.75,18080138.77,-0.015428,39,794372.6482
2022/12/20,2022/12/19,3881.226,3881.273,3811.476,3829.017,830968.22,16404644.09,-0.016491,24,781272.6489
2022/12/21,2022/12/20,3839.001,3853.727,3821.404,3830.538,648392.15,12345004.04,0.000397,13,781582.8141
2022/12/22,2022/12/21,3859.204,3882.126,3821.342,3836.028,837051.73,16397030.7,0.001433,21,782702.8223
2022/12/23,2022/12/22,3811.616,3848.344,3805.949,3828.219,652781.48,13055941.56,-0.002036,12,781109.2393
2022/12/26,2022/12/23,3830.568,3856.807,3827.519,3843.489,730057.12,14869283.24,0.003989,30,784225.0841
2022/12/27,2022/12/26,3860.905,3891.85,3856.58,3887.854,775153.5,15203220.66,0.011543,20,793277.3942
2022/12/28,2022/12/27,3874.913,3884.721,3854.941,3871.264,844246.56,16067112.2,-0.004267,25,789892.4796
2022/12/29,2022/12/28,3854.236,3868.293,3838.48,3856.701,793948.15,14901137.24,-0.003762,20,786920.9041
2022/12/30,2022/12/29,3873.936,3887.553,3868.757,3871.634,787732.72,14829504.94,0.003872,33,789967.8618
2023/1/3,2022/12/30,3864.836,3893.99,3831.245,3887.899,1150518.75,20754016.6,0.004201,54,793286.5168
2023/1/4,2023/1/3,3886.25,3905.903,3873.655,3892.948,1106607.43,19899771.17,0.001299,48,794316.996
2023/1/5,2023/1/4,3913.493,3974.875,3912.26,3968.578,1165023.95,25631260.83,0.019427,32,809748.1923
2023/1/6,2023/1/5,3969.549,4000.414,3966.47,3980.889,1109530.38,23574430.56,0.003102,25,812260.0312
2023/1/9,2023/1/6,3998.528,4023.09,3990.707,4013.12,1170544.25,23321242.65,0.008096,46,818836.0884
2023/1/10,2023/1/9,4014.713,4030.457,4002.23,4017.474,1017511.41,21487116.62,0.001085,25,819724.5255
2023/1/11,2023/1/10,4019.884,4043.399,4008.015,4010.031,999978.89,20300026.3,-0.001853,36,818205.576
2023/1/12,2023/1/11,4021.755,4030.288,4003.508,4017.869,905526.27,18368626.81,0.001955,42,819805.1679
2023/1/13,2023/1/12,4032.291,4074.377,4027.886,4074.377,958718.96,21217399.75,0.014064,30,831334.9078
2023/1/16,2023/1/13,4077.879,4177.104,4076.639,4137.964,1513954.55,31900774.94,0.015607,59,844309.5517
2023/1/17,2023/1/16,4138.843,4148.584,4118.157,4137.242,954790.4,20438157.65,-0.000174,66,844162.6418
2023/1/18,2023/1/17,4140.102,4151.458,4125.769,4130.314,842006.45,17212617.18,-0.001675,57,842748.6694
2023/1/19,2023/1/18,4125.577,4156.008,4105.98,4156.008,946083.98,19269958.98,0.006221,51,847991.4089
2023/1/20,2023/1/19,4166.844,4189.831,4161.67,4181.527,1235538.09,22234245.51,0.00614,54,853198.0761
2023/1/30,2023/1/20,4267.625,4268.152,4197.86,4201.345,1646070.64,33019332.21,0.004739,112,857241.3818
2023/1/31,2023/1/30,4200.581,4212.735,4153.048,4156.858,1245508.35,24936532.16,-0.010589,67,848164.0528
2023/2/1,2023/1/31,4170.132,4195.933,4137.766,4195.933,1410089.54,26555394.47,0.0094,183,856136.7949
2023/2/2,2023/2/1,4207.412,4207.412,4170.557,4181.149,1338237.36,26249743.48,-0.003523,122,853120.625
2023/2/3,2023/2/2,4162.026,4162.026,4103.165,4141.632,1170412.21,22691477,-0.009451,58,845057.7819
2023/2/6,2023/2/3,4103.831,4105.945,4065.222,4086.878,1101927.17,22634511.4,-0.01322,52,833886.1181
2023/2/7,2023/2/6,4098.312,4107.344,4077.962,4094.234,913600.72,18353735.16,0.0018,41,835387.1131
2023/2/8,2023/2/7,4099.857,4111.475,4072.647,4076.141,847860.99,17059175.18,-0.004419,25,831695.5374
2023/2/9,2023/2/8,4067.563,4130.857,4064.749,4130.857,1022899.61,21172260.49,0.013423,39,842859.3866
2023/2/10,2023/2/9,4124.099,4125.289,4092.347,4106.31,967167.33,19534832.06,-0.005942,26,837851.1161
2023/2/13,2023/2/10,4098.88,4146.45,4092.273,4143.574,1288925.77,25199018.16,0.009075,36,845454.615
2023/2/14,2023/2/13,4151.247,4152.049,4125.258,4145.29,1024998.9,20491543.57,0.000414,37,845804.6332
2023/2/15,2023/2/14,4146.855,4153.716,4115.967,4123.689,1216645.08,21985552.9,-0.005211,22,841397.1453
2023/2/16,2023/2/15,4125.409,4167.9,4068.859,4093.488,1593105.85,28131562.56,-0.007324,20,835234.7526
2023/2/17,2023/2/16,4086.224,4104.64,4032.929,4034.507,1161425.89,22573774.7,-0.014408,21,823200.6903
2023/2/20,2023/2/17,4039.962,4134.862,4035.476,4133.49,1617944.81,28012296.22,0.024534,47,843397.096
2023/2/21,2023/2/20,4130.063,4151.799,4116.272,4144.354,1457761.73,24967420.1,0.002628,30,845613.5436
2023/2/22,2023/2/21,4118.967,4134.876,4101.86,4106.951,1042902.95,19158615.9,-0.009025,29,837981.8814
2023/2/23,2023/2/22,4106.214,4132.39,4088.207,4103.646,1035649.06,19719358.24,-0.000805,29,837307.3059
2023/2/24,2023/2/23,4100.99,4102.609,4048.237,4061.046,1009894.25,19121046.51,-0.010381,20,828615.2188
2023/2/27,2023/2/24,4040.457,4067.03,4034.524,4043.844,937876.3,18795949.11,-0.004236,30,825105.2047
2023/2/28,2023/2/27,4058.13,4074.264,4026.448,4069.459,1103235.91,19879971.24,0.006334,28,830331.4211
2023/3/1,2023/2/28,4068.733,4135.481,4061.217,4126.942,1560157.94,25537479.1,0.014125,55,842059.8524
2023/3/2,2023/3/1,4119.992,4137.253,4113.826,4117.738,1482176.37,23595376.5,-0.00223,32,840182.059
2023/3/3,2023/3/2,4126.018,4135.212,4100.383,4130.551,1603317.41,22691454.56,0.003112,44,842796.7055
