name,seed_1,seed_2,seed_3,seed_4,seed_5,seed_6,seed_7,seed_8,seed_9,seed_10,seed_11,seed_12,seed_13,seed_14,seed_15,seed_16,seed_17,seed_18,seed_19,seed_20,seed_21,seed_22,seed_23,seed_24,seed_25,seed_26,seed_27,seed_28,seed_29,seed_30,seed_31,seed_32,seed_33,seed_34,seed_35,seed_36,seed_37,seed_38,seed_39,seed_40,seed_41,seed_42,seed_43,seed_44,seed_45,seed_46,seed_47,seed_48,seed_49,seed_50,seed_51,seed_52,seed_53,seed_54,seed_55,seed_56,seed_57,seed_58,seed_59,seed_60,seed_61,seed_62,seed_63,seed_64,seed_65,seed_66,seed_67,seed_68,seed_69,seed_70,seed_71,seed_72,seed_73,seed_74,seed_75,seed_76,seed_77,seed_78,seed_79,seed_80,seed_81,seed_82,seed_83,seed_84,seed_85,seed_86,seed_87,seed_88,seed_89,seed_90,seed_91,seed_92,seed_93,seed_94,seed_95,seed_96,seed_97,seed_98,seed_99,seed_100,seed_101,seed_102,seed_103,seed_104,seed_105,seed_106,seed_107,seed_108,seed_109,seed_110,seed_111,seed_112,seed_113,seed_114,seed_115,seed_116,seed_117,seed_118,seed_119,seed_120,seed_121,seed_122,seed_123,seed_124,seed_125,seed_126,seed_127,seed_128,seed_129,seed_130,seed_131,seed_132,seed_133,seed_134,seed_135,seed_136,seed_137,seed_138,seed_139,seed_140,seed_141,seed_142,seed_143,seed_144,seed_145,seed_146,seed_147,seed_148,seed_149,seed_150,seed_151,seed_152,seed_153,seed_154,seed_155,seed_156,seed_157,seed_158,seed_159,seed_160,seed_161,seed_162,seed_163,seed_164,seed_165,seed_166,seed_167,seed_168,seed_169,seed_170,seed_171,seed_172,seed_173,seed_174,seed_175,seed_176,seed_177,seed_178,seed_179,seed_180,seed_181,seed_182,seed_183,seed_184,seed_185,seed_186,seed_187,seed_188,seed_189,seed_190,seed_191,seed_192,seed_193,seed_194,seed_195,seed_196,seed_197,seed_198,seed_199,seed_200,seed_201,seed_202,seed_203,seed_204,seed_205,seed_206,seed_207,seed_208,seed_209,seed_210,seed_211,seed_212,seed_213,seed_214,seed_215,seed_216,seed_217,seed_218,seed_219,seed_220,seed_221,seed_222,seed_223,seed_224,seed_225,seed_226,seed_227,seed_228,seed_229,seed_230,seed_231,seed_232,seed_233,seed_234,seed_235,seed_236,seed_237,seed_238,seed_239,seed_240,seed_241,seed_242,seed_243,seed_244,seed_245,seed_246,seed_247,seed_248,seed_249,seed_250,seed_251,seed_252,seed_253,seed_254,seed_255,seed_256,seed_257,seed_258,seed_259,seed_260,seed_261,seed_262,seed_263,seed_264,seed_265,seed_266,seed_267,seed_268,seed_269,seed_270,seed_271,seed_272,seed_273,seed_274,seed_275,seed_276,seed_277,seed_278,seed_279,seed_280,seed_281,seed_282,seed_283,seed_284,seed_285,seed_286,seed_287,seed_288,seed_289,seed_290,seed_291,seed_292,seed_293,seed_294,seed_295,seed_296,seed_297,seed_298,seed_299,seed_300,seed_301,seed_302,seed_303,seed_304,seed_305,seed_306,seed_307,seed_308,seed_309,seed_310,seed_311,seed_312,seed_313,seed_314,seed_315,seed_316,seed_317,seed_318,seed_319,seed_320,seed_321,seed_322,seed_323,seed_324,seed_325,seed_326,seed_327,seed_328,seed_329,seed_330,seed_331,seed_332,seed_333,seed_334,seed_335,seed_336,seed_337,seed_338,seed_339,seed_340,seed_341,seed_342,seed_343,seed_344,seed_345,seed_346,seed_347,seed_348,seed_349,seed_350,seed_351,seed_352,seed_353,seed_354,seed_355,seed_356,seed_357,seed_358,seed_359,seed_360,seed_361,seed_362,seed_363,seed_364,seed_365,seed_366,seed_367,seed_368,seed_369,seed_370,seed_371,seed_372,seed_373,seed_374,seed_375,seed_376,seed_377,seed_378,seed_379,seed_380,seed_381,seed_382,seed_383,seed_384,seed_385,seed_386,seed_387,seed_388,seed_389,seed_390,seed_391,seed_392,seed_393,seed_394,seed_395,seed_396,seed_397,seed_398,seed_399,seed_400,seed_401,seed_402,seed_403,seed_404,seed_405,seed_406,seed_407,seed_408,seed_409,seed_410,seed_411,seed_412,seed_413,seed_414,seed_415,seed_416,seed_417,seed_418,seed_419,seed_420,seed_421,seed_422,seed_423,seed_424,seed_425,seed_426,seed_427,seed_428,seed_429,seed_430,seed_431,seed_432,seed_433,seed_434,seed_435,seed_436,seed_437,seed_438,seed_439,seed_440,seed_441,seed_442,seed_443,seed_444,seed_445,seed_446,seed_447,seed_448,seed_449,seed_450,seed_451,seed_452,seed_453,seed_454,seed_455,seed_456,seed_457,seed_458,seed_459,seed_460,seed_461,seed_462,seed_463,seed_464,seed_465,seed_466,seed_467,seed_468,seed_469,seed_470,seed_471,seed_472,seed_473,seed_474,seed_475,seed_476,seed_477,seed_478,seed_479,seed_480,seed_481,seed_482,seed_483,seed_484,seed_485,seed_486,seed_487,seed_488,seed_489,seed_490,seed_491,seed_492,seed_493,seed_494,seed_495,seed_496,seed_497,seed_498,seed_499,seed_500
T6C5_1,2,7,14,15,17,19,20,22,26,27,35,40,52,54,58,59,61,62,64,66,70,71,72,74,78,88,89,90,91,98,100,101,106,107,108,110,112,123,130,132,137,141,146,147,150,152,159,160,165,166,169,171,173,175,176,179,181,183,184,186,187,191,194,196,197,198,204,209,212,218,222,223,228,233,236,239,242,244,250,251,257,273,282,288,291,292,294,296,301,304,308,309,313,316,317,319,320,321,324,325,326,327,332,333,337,338,340,341,342,343,344,345,346,349,355,358,362,363,369,371,374,376,377,379,382,384,386,390,392,397,398,400,404,405,418,419,420,421,423,425,427,429,434,437,443,445,448,450,451,453,456,457,461,472,478,484,487,490,491,495,496,499,501,502,507,508,510,517,520,522,527,531,532,536,540,541,544,545,547,548,555,557,561,565,571,578,583,588,593,595,596,599,604,613,618,630,632,634,635,636,637,639,640,643,649,655,662,663,665,666,667,669,670,672,680,683,687,696,698,699,700,702,704,709,710,712,716,717,722,727,732,733,737,739,742,743,747,750,755,757,758,766,768,772,774,778,780,781,782,783,785,786,787,788,791,793,794,795,797,798,800,801,805,808,811,814,820,830,832,833,836,837,839,850,854,859,860,867,871,872,875,876,877,878,879,885,888,891,895,898,899,901,905,906,914,916,917,919,920,921,923,927,932,934,936,937,940,941,943,945,947,952,954,959,961,962,968,970,978,981,985,988,990,991,992,994,995,996,1000,1003,1004,1008,1009,1011,1012,1017,1020,1023,1027,1028,1030,1032,1037,1038,1045,1049,1054,1057,1062,1063,1064,1067,1068,1070,1075,1079,1083,1084,1089,1094,1095,1103,1106,1107,1113,1114,1117,1118,1121,1122,1124,1130,1132,1138,1141,1149,1151,1157,1158,1160,1163,1168,1169,1173,1175,1176,1177,1180,1184,1185,1192,1194,1205,1207,1210,1213,1215,1218,1221,1223,1227,1229,1230,1232,1233,1237,1238,1239,1243,1245,1246,1248,1250,1255,1262,1264,1267,1271,1273,1276,1279,1282,1284,1287,1290,1292,1294,1298,1299,1305,1307,1308,1316,1319,1322,1323,1327,1329,1330,1333,1336,1338,1341,1342,1343,1344,1345,1349,1352,1355,1356,1358,1362,1363,1364,1369,1371,1372,1374,1379,1381,1387,1388,1391,1399,1401,1409,1410,1411,1415,1417,1418,1420,1422,1425,1431,1436,1437,1443,1444,1451,1457,1460,1462,1463,1466,1468,1470,1471,1472,1473,1476,1477,1480,1481,1484,1489,1490,1495,1499
T6C5_2,4,9,12,16,17,19,20,21,23,32,34,36,39,44,46,47,51,53,57,58,65,71,75,76,77,81,94,96,100,101,103,105,111,116,122,123,127,131,134,136,137,140,148,149,150,151,152,158,159,169,171,172,174,180,182,183,193,199,200,204,206,208,209,211,214,215,222,224,242,245,247,251,253,254,256,257,262,264,265,266,271,277,283,289,290,296,298,300,301,302,303,304,308,310,319,320,324,328,331,332,338,339,342,348,351,359,360,363,368,369,370,371,372,374,378,382,383,388,389,392,394,396,397,398,399,401,404,408,409,410,411,415,419,422,424,425,426,432,433,434,439,441,442,443,444,446,448,450,451,454,455,457,458,459,460,463,465,466,468,470,471,474,482,484,491,492,497,498,499,505,509,514,520,523,528,534,536,537,540,542,543,544,554,559,567,569,571,575,578,579,580,582,583,585,586,587,589,591,593,599,602,611,628,630,635,636,644,647,651,653,656,657,661,663,669,670,672,674,679,688,691,692,693,699,700,701,703,705,706,708,716,717,718,720,721,725,726,728,736,737,744,747,749,750,751,752,763,764,774,778,780,785,789,791,794,796,800,803,810,811,812,814,815,819,820,823,826,827,831,839,843,850,852,859,860,862,864,865,866,867,868,870,872,880,883,887,889,890,897,898,899,900,906,907,908,910,916,917,918,919,922,923,924,925,930,932,940,943,946,951,953,955,956,957,960,963,965,966,969,972,973,978,979,982,985,988,992,993,995,996,1004,1019,1023,1027,1029,1030,1033,1034,1039,1043,1046,1053,1055,1056,1059,1062,1063,1064,1065,1068,1069,1072,1080,1085,1088,1089,1092,1094,1102,1103,1105,1107,1108,1113,1114,1115,1117,1122,1124,1128,1134,1135,1137,1139,1143,1149,1151,1153,1156,1157,1169,1170,1173,1176,1177,1178,1179,1181,1182,1184,1187,1188,1192,1193,1194,1197,1207,1208,1209,1210,1216,1219,1220,1221,1222,1227,1228,1236,1241,1244,1248,1250,1256,1262,1264,1266,1273,1276,1278,1279,1280,1282,1285,1290,1291,1292,1295,1299,1305,1306,1307,1310,1314,1319,1321,1322,1323,1325,1329,1333,1336,1337,1341,1346,1347,1351,1352,1353,1354,1357,1359,1361,1375,1377,1378,1380,1381,1382,1385,1388,1392,1393,1396,1398,1399,1404,1406,1409,1410,1411,1413,1418,1423,1425,1427,1430,1433,1437,1438,1442,1444,1446,1448,1450,1451,1452,1457,1463,1464,1465,1469,1471,1474,1475,1480,1481,1482,1483,1497,1500
T6C6_1,2,3,4,9,14,15,16,20,27,28,29,35,37,39,41,42,43,44,47,50,52,55,56,59,69,73,75,82,89,91,94,95,97,98,100,102,103,106,107,111,119,120,122,124,137,139,146,148,158,172,173,174,177,179,180,185,186,191,193,194,195,196,201,202,204,205,206,207,211,213,220,225,226,228,233,241,242,243,245,249,250,257,261,262,266,268,272,278,279,281,283,287,291,293,294,295,296,307,308,310,312,314,315,316,317,318,322,324,326,329,332,333,334,337,341,343,350,352,354,355,356,358,361,365,373,375,384,389,390,391,393,394,395,396,400,406,407,411,416,419,421,422,424,425,426,433,451,454,456,472,475,480,481,484,487,488,492,493,495,497,498,500,502,504,505,506,511,517,518,526,527,531,536,544,545,549,550,551,554,555,557,559,572,573,576,579,582,585,587,603,606,608,609,613,616,617,620,623,624,626,629,643,644,646,648,650,655,659,661,664,665,669,670,671,672,674,676,677,680,681,688,696,697,698,706,707,709,710,713,714,719,721,723,728,734,735,738,740,743,745,746,750,753,756,759,761,763,764,766,767,771,777,783,785,792,796,799,804,805,806,810,811,814,816,819,823,825,827,829,830,839,843,846,848,849,852,856,858,860,862,868,873,879,886,891,894,898,903,905,906,908,912,913,917,923,924,925,926,929,931,933,935,936,941,942,943,945,946,948,949,951,954,956,958,960,962,963,965,968,975,976,981,984,986,989,992,996,999,1001,1004,1006,1007,1011,1012,1013,1014,1015,1016,1019,1022,1031,1032,1035,1036,1039,1041,1045,1046,1050,1051,1053,1055,1056,1059,1063,1065,1068,1069,1071,1074,1077,1081,1087,1088,1090,1094,1096,1097,1107,1109,1115,1117,1118,1128,1134,1137,1139,1140,1144,1152,1153,1154,1155,1159,1168,1175,1176,1178,1180,1183,1185,1192,1195,1197,1201,1202,1203,1205,1206,1208,1212,1214,1216,1218,1219,1224,1225,1228,1229,1231,1237,1239,1240,1242,1244,1249,1252,1258,1259,1267,1270,1281,1283,1284,1286,1288,1294,1295,1301,1305,1312,1313,1316,1318,1320,1324,1332,1339,1340,1341,1343,1345,1347,1348,1349,1351,1352,1353,1354,1358,1370,1371,1373,1377,1378,1380,1386,1389,1391,1394,1395,1396,1397,1398,1401,1405,1406,1407,1410,1413,1416,1420,1429,1435,1440,1442,1445,1447,1448,1449,1450,1452,1455,1456,1458,1464,1465,1468,1469,1470,1473,1476,1477,1483,1484,1489,1493,1494,1495,1498
T6C6_2,2,3,4,6,9,11,16,17,18,19,22,25,27,30,31,32,37,38,40,42,44,45,47,48,49,51,53,60,61,68,71,75,81,82,83,90,94,97,101,105,111,112,114,116,117,118,120,122,123,126,129,131,133,140,144,145,147,148,149,151,171,179,182,183,186,190,192,197,204,211,214,216,218,224,226,232,235,240,241,242,243,247,250,259,260,277,281,282,283,293,297,298,300,301,304,308,313,314,316,319,327,328,332,334,335,336,337,339,341,344,349,350,351,353,354,359,360,362,364,367,370,371,375,376,380,381,382,389,397,399,401,402,406,408,409,410,411,412,416,418,419,420,421,422,424,426,427,431,441,442,443,446,454,459,460,464,465,469,478,481,486,487,492,494,497,499,513,514,516,517,520,521,522,524,536,537,538,542,548,551,552,553,555,557,560,561,564,567,569,571,575,576,577,580,581,585,587,589,597,602,604,608,610,611,612,613,614,617,633,635,636,639,640,648,649,655,656,661,664,665,669,673,674,681,683,687,689,694,696,699,702,703,707,708,709,712,713,715,721,725,726,727,729,730,737,738,739,745,746,747,749,750,751,753,760,762,769,772,774,780,782,783,784,787,790,791,796,800,803,807,821,822,824,832,833,836,839,841,842,843,844,845,849,851,852,853,856,857,859,862,864,868,871,877,878,879,880,883,890,891,898,899,900,907,923,924,925,927,928,931,934,943,944,947,957,966,967,968,978,979,980,981,982,986,988,989,990,992,995,1001,1002,1006,1009,1012,1014,1023,1025,1032,1033,1034,1035,1042,1045,1046,1056,1060,1062,1066,1071,1075,1076,1077,1080,1086,1088,1092,1093,1097,1098,1101,1102,1106,1107,1114,1116,1118,1120,1124,1126,1137,1139,1140,1141,1143,1144,1146,1149,1152,1159,1161,1162,1163,1166,1167,1169,1170,1173,1178,1181,1182,1184,1186,1189,1190,1191,1194,1196,1197,1198,1205,1206,1208,1209,1214,1218,1221,1222,1225,1228,1230,1231,1234,1237,1243,1244,1248,1253,1259,1264,1266,1271,1272,1279,1281,1284,1285,1290,1293,1299,1303,1307,1310,1314,1318,1321,1323,1324,1330,1331,1332,1333,1335,1337,1340,1345,1349,1350,1352,1353,1354,1358,1359,1360,1361,1362,1372,1376,1377,1378,1380,1381,1382,1384,1386,1387,1393,1395,1400,1403,1406,1407,1410,1411,1412,1420,1422,1423,1426,1430,1431,1433,1436,1438,1442,1443,1446,1451,1452,1460,1462,1463,1471,1474,1482,1485,1486,1492,1495,1497,1500
T6C7_1,2,3,4,7,9,12,13,17,18,20,25,26,32,33,37,42,44,47,51,54,55,58,61,62,69,72,74,80,83,87,91,97,102,103,105,106,107,108,109,111,112,115,117,119,128,131,133,136,137,138,139,146,149,154,155,157,159,160,162,166,167,168,169,174,177,178,180,188,189,193,194,196,202,203,205,207,210,214,216,220,221,224,231,232,234,240,248,249,252,259,261,263,265,268,271,274,276,278,280,283,287,292,298,303,305,306,307,310,312,314,315,318,320,323,325,327,328,330,337,340,344,348,360,361,362,363,366,367,368,381,382,383,384,388,389,390,394,397,399,401,403,408,409,410,411,416,418,425,427,430,432,435,437,439,440,441,445,446,450,453,457,464,466,469,470,475,487,490,493,495,496,499,500,506,515,517,518,519,521,522,525,527,533,538,539,540,542,544,548,550,554,558,562,571,574,575,576,577,578,580,583,584,586,592,593,602,604,606,611,612,613,617,618,621,622,629,631,635,636,638,643,653,654,655,662,664,671,672,677,678,680,683,687,690,696,698,703,707,708,709,710,712,714,726,732,734,738,742,744,749,757,762,763,765,766,770,776,780,781,782,784,794,801,806,809,822,824,833,836,841,846,853,856,857,859,860,861,866,867,871,872,876,880,882,883,885,887,890,897,899,905,908,909,913,914,915,919,922,924,932,933,934,935,937,944,947,948,951,952,954,955,958,959,962,963,966,968,969,971,975,976,980,983,986,988,991,992,993,1001,1003,1007,1008,1011,1017,1019,1026,1028,1035,1036,1038,1039,1040,1041,1044,1045,1050,1051,1052,1053,1054,1055,1057,1059,1060,1066,1069,1070,1072,1074,1078,1082,1085,1088,1090,1093,1094,1095,1101,1102,1104,1108,1110,1111,1113,1115,1117,1125,1132,1147,1153,1155,1156,1157,1158,1161,1163,1164,1169,1178,1179,1184,1186,1193,1195,1196,1201,1204,1207,1208,1214,1215,1218,1220,1221,1229,1232,1234,1235,1243,1251,1252,1256,1257,1261,1270,1272,1273,1278,1282,1285,1292,1297,1299,1301,1303,1304,1307,1308,1310,1312,1313,1317,1320,1321,1322,1323,1324,1328,1329,1330,1331,1336,1339,1342,1343,1344,1345,1346,1350,1357,1358,1359,1362,1363,1364,1369,1377,1378,1379,1380,1381,1384,1386,1389,1390,1391,1397,1398,1399,1401,1402,1409,1410,1413,1419,1421,1422,1424,1431,1432,1433,1444,1445,1447,1449,1450,1456,1459,1460,1464,1468,1469,1474,1483,1486,1487,1489,1491,1495,1499
T6C7_2,2,3,4,6,7,8,9,12,14,16,18,20,21,23,37,39,47,49,50,55,59,69,70,72,75,77,79,81,89,90,91,93,94,97,98,100,102,106,107,108,111,113,119,120,122,124,125,129,132,134,139,148,149,156,158,159,160,164,171,172,174,177,179,180,185,187,191,193,195,201,204,206,208,211,215,216,225,226,228,233,236,242,243,245,248,249,250,254,262,265,266,268,272,273,275,281,283,287,288,293,294,296,297,299,306,309,314,315,316,318,321,324,328,334,337,338,339,341,344,345,346,348,350,354,356,358,361,363,370,373,374,375,383,384,389,392,393,403,406,407,408,409,413,416,418,421,423,425,426,429,432,438,441,449,454,456,463,468,470,475,478,479,481,482,484,485,487,488,491,492,493,495,502,520,524,536,538,541,542,545,547,550,551,554,555,556,557,566,570,571,576,577,579,582,584,585,587,588,595,597,598,602,606,608,609,613,616,619,620,622,623,629,631,632,633,636,638,640,642,644,648,650,655,658,664,665,669,670,678,681,689,695,697,706,707,708,713,714,717,719,721,724,726,731,735,736,737,742,745,746,752,753,755,758,760,766,773,780,782,783,785,789,792,793,794,796,803,813,821,829,839,842,844,846,848,849,850,851,852,859,860,861,862,866,868,869,886,888,895,896,899,905,906,908,916,917,918,922,923,926,936,937,942,943,944,945,948,951,953,954,955,956,958,962,963,965,966,967,968,969,972,978,981,983,986,989,992,998,999,1002,1003,1004,1005,1006,1007,1012,1014,1017,1020,1021,1022,1023,1024,1032,1035,1040,1041,1042,1050,1054,1059,1063,1067,1069,1071,1074,1081,1083,1084,1087,1088,1095,1096,1097,1109,1114,1115,1117,1118,1120,1122,1123,1124,1125,1137,1139,1144,1145,1151,1154,1156,1159,1161,1162,1168,1169,1172,1174,1178,1186,1188,1192,1197,1198,1199,1201,1202,1203,1205,1206,1213,1218,1219,1222,1225,1226,1231,1232,1238,1246,1247,1249,1252,1259,1267,1268,1269,1270,1273,1279,1281,1282,1284,1291,1294,1295,1296,1305,1306,1310,1312,1316,1318,1319,1322,1323,1325,1331,1332,1338,1339,1340,1341,1343,1345,1347,1348,1351,1352,1354,1356,1358,1360,1371,1372,1373,1376,1378,1385,1386,1388,1389,1392,1394,1397,1398,1401,1405,1406,1411,1412,1413,1415,1416,1420,1423,1430,1433,1435,1440,1441,1448,1450,1452,1455,1458,1464,1468,1469,1471,1476,1477,1478,1481,1484,1489,1493,1496,1497,1500
T6C8_1,1,3,5,7,8,14,15,19,20,21,22,23,24,28,29,30,31,33,39,43,45,49,52,59,65,69,71,74,75,77,81,83,85,88,95,97,100,101,105,109,111,114,117,118,124,125,126,130,131,138,141,145,146,147,148,150,152,154,155,158,162,166,173,174,176,177,178,179,182,183,186,189,192,194,197,198,200,202,203,204,207,211,214,224,228,236,239,242,243,244,246,247,249,252,258,259,271,274,275,276,277,283,285,290,293,294,297,299,314,316,318,322,324,327,328,330,332,341,343,344,346,350,352,360,362,363,364,365,371,373,377,380,381,384,387,389,392,396,401,403,404,409,415,416,422,423,427,430,433,435,436,439,443,446,448,450,453,455,456,460,461,462,466,469,471,476,480,481,483,486,489,490,492,495,505,506,507,510,511,512,513,520,522,527,528,529,534,537,539,542,543,544,549,554,556,557,562,565,571,572,576,577,579,582,586,591,593,597,598,600,606,615,617,620,622,623,626,627,629,630,634,637,643,647,648,649,651,652,655,659,661,663,665,668,669,670,674,675,679,680,685,686,689,691,698,699,702,703,705,710,712,715,725,727,728,730,731,734,735,737,742,743,745,747,748,751,765,766,767,773,775,784,790,795,797,798,800,804,806,811,816,819,820,826,827,831,833,835,841,848,852,853,858,864,870,876,880,888,890,895,899,908,909,912,916,918,929,933,934,935,936,937,941,942,945,950,953,957,958,960,963,965,967,972,975,977,981,982,983,985,990,992,995,999,1004,1005,1007,1008,1009,1011,1012,1013,1019,1020,1021,1022,1032,1033,1038,1039,1044,1051,1055,1056,1058,1061,1067,1070,1080,1081,1082,1085,1089,1091,1092,1098,1100,1101,1104,1105,1106,1107,1114,1117,1123,1124,1133,1135,1137,1138,1143,1144,1146,1148,1153,1155,1159,1160,1163,1167,1170,1174,1175,1179,1180,1181,1182,1186,1189,1194,1197,1203,1204,1213,1216,1219,1220,1223,1224,1226,1229,1233,1237,1241,1243,1245,1246,1247,1249,1250,1252,1254,1260,1264,1267,1269,1270,1271,1281,1282,1283,1284,1285,1289,1297,1298,1304,1307,1316,1319,1320,1322,1327,1332,1337,1340,1341,1342,1346,1347,1350,1352,1354,1355,1357,1361,1369,1373,1374,1379,1381,1383,1385,1393,1396,1402,1404,1405,1407,1409,1412,1414,1423,1424,1426,1427,1430,1433,1439,1444,1445,1447,1449,1450,1460,1461,1467,1468,1471,1472,1473,1478,1484,1485,1488,1490,1493,1494,1496,1498
T6C8_2,2,5,11,14,16,17,18,21,22,32,33,34,44,45,46,47,53,55,56,58,61,63,65,69,70,73,74,76,77,78,79,83,84,87,92,94,95,98,102,103,104,105,107,111,113,114,117,122,127,130,131,134,137,142,147,148,150,151,152,156,158,159,161,169,172,182,183,186,199,200,203,205,206,207,211,214,215,217,220,225,229,232,242,245,248,251,254,256,257,260,261,262,264,265,266,271,277,278,280,281,284,289,295,296,297,298,300,301,303,306,307,318,320,324,328,330,331,332,334,337,338,339,345,350,359,361,362,367,369,371,372,374,378,381,382,390,396,397,398,399,400,404,405,407,409,411,412,415,422,423,424,425,426,428,430,431,432,433,437,441,443,444,446,447,450,451,456,457,460,462,466,470,473,474,478,481,482,484,485,488,497,499,505,508,516,522,537,540,543,544,556,558,559,560,561,567,569,577,580,581,582,586,593,597,598,602,608,610,611,613,624,625,628,630,635,636,639,642,644,650,651,653,657,660,661,669,672,675,679,681,688,696,700,701,703,704,705,706,707,716,718,726,728,729,732,735,736,737,741,743,747,754,755,758,760,763,774,777,778,783,784,785,788,791,794,795,796,803,811,812,814,815,818,827,834,841,851,852,859,860,863,864,866,867,868,872,877,878,884,886,893,897,898,899,900,904,906,907,910,912,916,917,918,924,925,932,941,942,943,944,946,947,950,951,955,956,962,963,965,966,967,971,973,979,980,981,983,985,988,991,992,993,995,997,998,1002,1003,1004,1005,1013,1020,1022,1030,1033,1034,1039,1041,1042,1043,1053,1055,1059,1060,1062,1064,1067,1068,1069,1072,1073,1077,1080,1088,1091,1092,1093,1102,1103,1106,1107,1108,1114,1115,1116,1117,1120,1135,1137,1139,1140,1143,1146,1149,1158,1162,1164,1165,1169,1170,1172,1177,1178,1179,1182,1186,1187,1188,1191,1193,1194,1197,1198,1205,1207,1208,1210,1213,1225,1226,1228,1230,1231,1232,1235,1236,1241,1244,1245,1247,1248,1255,1262,1266,1276,1278,1279,1285,1288,1290,1291,1299,1300,1301,1305,1308,1310,1316,1319,1325,1328,1329,1331,1333,1336,1337,1341,1347,1354,1357,1359,1360,1361,1362,1365,1371,1375,1376,1377,1378,1380,1382,1385,1386,1389,1397,1398,1407,1410,1411,1412,1416,1418,1419,1425,1437,1442,1444,1445,1446,1450,1453,1454,1455,1457,1462,1463,1464,1465,1468,1471,1474,1479,1481,1482,1483,1487,1489,1492,1498,1500
T6C9_1,2,5,9,10,15,18,21,24,25,26,32,33,38,40,44,45,48,49,50,51,53,56,62,63,69,70,74,93,94,101,106,115,117,119,124,127,130,133,140,145,146,148,149,150,151,154,158,163,167,171,173,176,178,179,181,184,185,187,190,191,197,202,204,208,209,212,213,219,223,225,229,231,233,236,237,240,242,244,245,249,256,258,261,262,265,266,269,272,278,280,282,285,295,296,297,298,299,304,309,312,315,319,321,322,329,331,333,336,339,341,342,344,345,347,348,349,350,353,354,359,364,365,370,371,373,376,377,380,384,387,388,390,393,396,401,404,405,406,407,411,415,426,432,436,441,444,448,449,451,454,455,456,460,468,469,471,472,473,474,475,476,477,479,487,491,497,499,501,505,508,509,512,516,517,521,522,523,544,545,549,552,561,565,568,569,572,575,576,583,585,589,592,594,595,597,606,607,608,610,618,622,625,626,631,636,637,641,644,646,649,665,666,668,673,676,677,679,682,685,686,689,691,693,694,695,696,698,700,701,704,705,710,711,712,715,716,718,719,720,723,726,728,733,736,739,742,744,750,753,755,767,770,771,773,782,784,785,790,793,796,798,800,802,804,806,808,809,815,820,823,826,827,828,829,836,840,841,844,846,848,853,858,860,864,865,876,883,888,890,900,901,908,912,913,918,922,923,924,925,928,931,933,934,937,938,943,946,947,949,958,963,966,967,968,970,971,972,976,978,981,984,985,986,989,997,1007,1008,1011,1013,1014,1016,1022,1024,1027,1030,1035,1038,1039,1040,1042,1044,1045,1047,1048,1049,1053,1055,1058,1067,1072,1073,1074,1077,1080,1083,1086,1090,1092,1093,1094,1098,1101,1102,1105,1113,1115,1117,1120,1125,1128,1131,1134,1137,1138,1141,1143,1147,1150,1155,1159,1160,1162,1166,1170,1173,1178,1182,1185,1186,1187,1193,1194,1198,1199,1201,1207,1208,1211,1213,1215,1217,1221,1223,1229,1230,1233,1238,1244,1249,1251,1252,1254,1259,1262,1263,1266,1267,1278,1279,1281,1282,1283,1284,1286,1289,1294,1297,1299,1300,1304,1308,1310,1311,1315,1317,1323,1325,1327,1337,1339,1340,1345,1346,1347,1348,1353,1356,1359,1360,1361,1362,1363,1367,1371,1372,1376,1377,1379,1383,1384,1391,1394,1396,1398,1404,1411,1412,1413,1417,1419,1421,1423,1425,1426,1432,1437,1438,1439,1440,1446,1454,1460,1461,1463,1464,1465,1467,1469,1470,1478,1480,1481,1485,1487,1488,1495,1496,1497,1498,1500
T6C9_2,1,2,4,5,8,11,14,15,19,21,25,27,32,33,34,36,37,40,46,48,51,56,57,60,63,64,67,69,71,72,77,79,80,81,84,85,89,96,101,104,107,111,112,113,114,116,119,120,121,123,125,126,131,137,140,143,147,148,149,154,156,159,163,169,172,175,178,179,182,185,190,194,198,200,202,203,204,205,206,207,208,209,216,218,220,222,225,231,233,235,236,239,243,244,247,251,252,253,257,260,261,266,274,284,291,296,298,299,301,303,305,306,307,308,309,310,313,314,324,327,328,334,335,338,343,348,353,354,358,359,360,361,367,374,375,376,384,386,390,391,394,398,403,407,408,409,411,413,414,418,423,424,426,428,430,436,437,438,441,443,444,446,448,450,455,456,457,458,460,461,462,463,464,476,481,487,488,489,494,496,503,505,509,516,517,518,520,521,522,524,528,538,542,548,549,551,555,558,560,567,569,571,577,579,580,582,586,589,593,594,595,598,599,601,602,603,605,607,608,610,614,620,621,623,628,630,631,632,634,635,636,637,647,652,653,660,662,665,679,681,684,685,696,697,699,701,703,712,717,718,719,729,737,739,741,742,748,751,752,762,764,766,770,772,774,775,780,781,782,785,787,796,798,809,815,816,818,821,827,831,833,836,837,838,844,860,864,865,867,869,871,875,877,879,883,884,888,889,891,897,898,902,904,905,907,908,910,915,918,919,924,928,930,937,940,942,948,959,961,962,963,964,965,968,971,973,975,976,977,980,981,985,992,993,995,996,998,1001,1004,1007,1014,1016,1017,1021,1023,1026,1027,1035,1043,1044,1045,1048,1052,1053,1055,1057,1058,1061,1063,1064,1065,1072,1076,1079,1081,1082,1084,1086,1089,1092,1093,1094,1095,1100,1115,1117,1120,1121,1122,1123,1124,1128,1131,1139,1145,1146,1150,1156,1157,1160,1164,1166,1171,1180,1185,1188,1189,1190,1191,1192,1194,1196,1198,1207,1208,1209,1211,1213,1217,1218,1230,1231,1235,1239,1244,1247,1248,1250,1253,1255,1257,1264,1267,1276,1279,1280,1282,1284,1286,1287,1288,1289,1291,1295,1299,1303,1305,1306,1308,1310,1314,1316,1317,1318,1321,1324,1339,1343,1347,1349,1350,1351,1354,1359,1364,1365,1375,1377,1378,1379,1380,1384,1385,1387,1390,1392,1393,1395,1400,1404,1405,1407,1410,1411,1412,1417,1418,1422,1427,1443,1451,1454,1455,1458,1469,1470,1471,1472,1476,1477,1479,1481,1487,1488,1489,1492,1495,1496,1499,1500
T6M5_1,1,3,7,9,12,13,14,25,27,28,29,34,35,36,40,46,47,48,55,58,63,65,66,69,74,77,78,80,86,88,89,91,92,95,96,97,102,106,115,117,118,127,134,139,140,141,154,155,157,159,161,163,169,171,172,174,176,177,182,187,188,189,192,209,212,213,216,217,220,221,223,227,230,231,239,241,242,244,248,249,253,255,259,261,262,264,267,268,271,280,283,284,285,286,288,293,297,299,301,303,306,311,313,316,317,320,329,330,335,336,339,340,342,343,344,350,353,366,369,372,374,378,379,380,382,385,386,387,390,396,401,407,408,410,411,412,413,415,420,422,427,429,430,435,441,448,453,462,465,466,469,474,475,476,478,480,485,488,490,499,505,506,508,512,515,516,520,527,530,532,534,536,537,539,542,544,552,554,555,559,560,561,567,568,569,570,574,576,580,590,591,594,596,599,604,608,609,610,619,624,629,630,631,633,635,638,641,644,645,649,651,654,657,658,662,663,674,675,676,680,682,689,690,694,696,705,706,708,712,713,714,715,723,724,737,738,741,744,746,747,749,752,760,763,771,772,773,774,778,784,785,787,789,793,794,796,803,804,805,811,813,815,818,822,824,825,842,848,852,855,857,858,860,861,867,869,870,873,874,881,882,885,886,887,894,897,899,906,907,910,912,915,917,925,927,929,933,934,938,940,941,944,949,953,955,962,966,968,972,976,979,984,988,991,993,994,995,999,1000,1004,1006,1010,1011,1012,1013,1014,1016,1017,1023,1026,1027,1028,1033,1038,1040,1042,1047,1048,1051,1052,1053,1055,1057,1062,1066,1070,1071,1073,1074,1077,1081,1083,1085,1088,1095,1096,1097,1106,1107,1115,1123,1126,1128,1130,1137,1138,1139,1144,1149,1150,1153,1154,1155,1164,1169,1173,1174,1175,1176,1179,1180,1184,1187,1188,1190,1191,1195,1197,1198,1199,1203,1205,1213,1214,1216,1223,1225,1227,1233,1234,1237,1238,1244,1245,1250,1251,1252,1255,1258,1259,1261,1264,1266,1268,1269,1274,1278,1279,1280,1281,1283,1285,1290,1295,1296,1298,1300,1303,1304,1306,1307,1311,1312,1314,1320,1321,1322,1326,1331,1334,1339,1340,1341,1343,1344,1345,1349,1353,1357,1361,1362,1371,1378,1384,1385,1386,1387,1388,1389,1391,1393,1394,1397,1399,1400,1405,1408,1409,1410,1411,1413,1419,1420,1421,1422,1427,1429,1432,1435,1436,1442,1448,1450,1452,1456,1458,1462,1463,1464,1466,1470,1473,1476,1482,1484,1492,1493,1495,1497,1498
T6M5_2,3,5,6,9,10,11,12,13,20,22,24,28,29,40,41,42,44,45,46,47,50,55,56,58,61,62,66,68,73,76,78,80,82,84,86,88,92,93,94,97,98,99,102,103,112,113,115,120,122,123,124,125,127,128,131,133,134,141,146,147,148,151,152,158,167,169,170,174,176,177,179,180,188,190,191,192,193,196,198,200,204,208,209,211,213,214,216,221,226,230,232,243,246,247,248,250,254,257,259,262,263,264,268,269,274,281,283,284,289,290,296,297,303,305,306,308,314,316,319,321,323,324,338,340,341,342,343,354,360,365,367,369,372,373,374,376,377,382,383,384,386,390,393,396,399,401,403,405,407,420,422,425,427,438,439,440,441,442,447,450,452,453,454,463,465,467,471,476,483,488,489,490,491,492,493,496,499,501,502,503,504,509,510,515,520,523,524,528,533,534,535,536,537,539,540,541,546,549,550,555,559,564,565,566,570,577,581,582,585,589,591,592,595,596,597,599,600,604,605,607,609,614,619,622,624,627,630,635,639,643,644,646,647,653,655,656,657,665,668,670,671,672,675,676,682,683,685,687,688,691,692,706,707,710,713,715,720,734,736,737,739,740,751,758,759,763,765,776,777,778,780,784,789,790,791,793,795,798,805,806,808,809,812,813,815,817,823,824,825,826,829,834,837,840,841,843,844,846,854,859,861,874,878,879,883,886,888,890,893,896,898,899,901,904,905,911,913,916,917,923,928,932,933,934,936,937,938,941,946,948,955,964,969,971,973,977,981,986,987,995,996,1001,1002,1004,1005,1006,1008,1009,1010,1011,1012,1028,1032,1033,1034,1035,1037,1040,1041,1044,1048,1049,1056,1060,1061,1064,1065,1069,1071,1075,1079,1080,1082,1090,1092,1093,1101,1104,1105,1106,1107,1108,1111,1119,1126,1128,1131,1132,1134,1139,1142,1143,1145,1148,1154,1157,1163,1164,1168,1170,1174,1175,1181,1186,1189,1198,1200,1203,1204,1206,1207,1211,1214,1216,1221,1222,1229,1231,1234,1236,1239,1249,1250,1254,1258,1263,1264,1265,1268,1271,1272,1273,1278,1285,1286,1289,1295,1296,1300,1301,1310,1311,1314,1324,1326,1329,1330,1331,1332,1334,1346,1349,1351,1357,1358,1359,1363,1370,1371,1373,1375,1378,1379,1384,1385,1388,1390,1392,1394,1395,1396,1399,1401,1402,1404,1416,1417,1421,1423,1426,1427,1431,1434,1438,1441,1446,1447,1454,1456,1457,1458,1460,1462,1465,1466,1476,1478,1479,1491,1495
T6M6_1,5,6,14,16,25,26,30,32,34,38,40,44,45,49,53,56,62,65,69,70,73,79,86,90,93,95,98,99,101,103,108,110,112,114,116,117,127,129,130,132,133,144,145,146,149,150,151,156,160,164,167,171,177,178,181,184,187,193,197,198,202,204,206,208,209,211,213,216,220,223,225,231,233,236,237,238,239,240,242,244,245,246,250,256,258,260,263,268,269,272,274,279,280,281,284,285,291,294,297,299,302,304,308,314,315,316,317,318,319,322,329,331,333,337,339,341,344,345,353,354,359,364,371,373,374,377,380,381,382,384,386,387,390,391,392,393,396,397,399,405,406,407,408,411,414,417,418,421,425,432,436,445,446,448,449,454,457,461,468,469,471,472,477,479,480,488,492,500,503,505,507,508,509,510,516,517,520,522,523,524,528,530,531,532,538,542,543,544,545,546,548,549,550,551,555,559,561,568,572,573,575,577,578,583,585,588,589,592,597,598,601,604,610,618,623,625,629,637,641,642,647,650,665,666,667,668,670,673,682,686,689,691,693,694,695,712,715,716,724,726,728,733,736,737,742,743,744,753,755,765,767,771,773,774,779,780,782,783,784,785,787,794,796,798,800,802,804,806,810,815,819,820,823,824,826,828,830,831,832,836,839,840,841,846,850,851,854,857,860,861,865,867,878,882,883,888,890,901,909,912,916,923,924,925,927,930,931,933,936,937,943,945,946,947,950,951,953,954,958,970,972,978,981,982,989,992,993,998,999,1003,1004,1005,1011,1013,1016,1018,1021,1024,1025,1026,1030,1032,1035,1038,1040,1044,1045,1047,1049,1055,1057,1064,1072,1074,1079,1083,1086,1090,1093,1094,1098,1102,1104,1114,1115,1116,1119,1125,1126,1128,1134,1137,1138,1141,1143,1145,1147,1150,1155,1158,1159,1160,1162,1165,1170,1173,1174,1180,1182,1183,1186,1187,1189,1190,1194,1198,1199,1202,1206,1211,1213,1215,1218,1221,1224,1226,1228,1229,1230,1238,1239,1241,1243,1247,1249,1251,1252,1260,1273,1275,1276,1278,1279,1281,1283,1284,1286,1289,1292,1294,1297,1299,1304,1305,1308,1311,1319,1322,1323,1324,1325,1326,1327,1332,1339,1340,1341,1344,1347,1359,1360,1361,1362,1363,1365,1367,1372,1379,1383,1384,1385,1394,1395,1396,1398,1402,1404,1411,1412,1413,1420,1421,1426,1430,1437,1438,1440,1443,1445,1449,1452,1454,1458,1461,1462,1464,1465,1466,1467,1471,1478,1480,1485,1486,1488,1489,1490,1495,1496,1498
T6M6_2,1,3,4,8,12,18,24,25,29,31,39,40,44,49,53,54,55,56,58,59,62,64,66,69,70,72,75,77,79,81,82,83,91,95,98,102,103,104,106,107,112,118,121,122,128,134,135,143,144,155,159,163,168,171,175,176,179,180,194,195,196,197,201,203,205,206,208,213,214,215,218,220,222,223,225,226,227,230,231,233,235,236,238,241,245,251,256,261,262,264,268,273,282,284,285,286,289,294,297,300,308,312,314,321,322,324,327,331,332,333,337,343,350,354,355,356,357,360,361,363,364,368,374,377,379,380,384,389,395,398,400,414,416,419,423,425,426,432,433,434,439,440,441,445,447,448,450,452,454,456,459,460,465,466,471,472,475,478,479,488,491,493,494,495,502,510,514,517,519,520,521,526,529,530,535,539,540,542,543,545,553,555,559,563,565,569,572,577,578,584,588,594,595,598,602,607,609,615,620,622,625,630,635,636,638,642,643,644,648,649,653,655,658,659,662,666,669,671,672,674,676,680,687,691,693,694,696,699,701,705,707,708,712,724,729,736,737,740,742,743,745,747,748,749,753,764,765,769,771,774,776,785,788,789,791,792,798,802,803,804,807,808,820,823,827,831,838,841,842,843,847,849,853,854,855,856,860,865,868,870,873,874,879,885,886,891,893,894,895,897,900,903,906,907,911,928,930,933,938,940,946,947,953,968,970,971,972,980,986,987,989,991,993,995,996,1002,1003,1004,1007,1009,1011,1012,1016,1022,1024,1028,1029,1031,1032,1034,1036,1038,1041,1042,1043,1045,1048,1054,1055,1057,1061,1069,1072,1076,1079,1080,1082,1083,1086,1090,1094,1097,1099,1100,1101,1106,1113,1115,1116,1117,1119,1120,1125,1131,1132,1135,1141,1144,1146,1148,1149,1150,1153,1154,1155,1160,1172,1177,1180,1181,1182,1183,1185,1186,1189,1193,1194,1199,1201,1206,1211,1214,1216,1217,1219,1221,1224,1225,1228,1229,1230,1236,1239,1240,1242,1243,1244,1246,1247,1250,1256,1260,1261,1263,1267,1273,1276,1277,1284,1285,1286,1294,1295,1296,1297,1299,1304,1309,1313,1314,1316,1317,1327,1328,1332,1335,1336,1340,1342,1347,1348,1351,1359,1360,1362,1370,1374,1375,1376,1377,1378,1380,1383,1385,1386,1387,1389,1392,1394,1402,1404,1408,1409,1411,1413,1426,1427,1433,1439,1441,1442,1444,1445,1447,1449,1450,1452,1454,1455,1457,1458,1459,1460,1461,1467,1468,1469,1471,1472,1476,1477,1478,1483,1486,1488,1492,1493,1495,1498,1499
T6M7_1,1,2,6,12,13,15,21,22,28,29,32,33,37,38,39,41,42,43,44,45,47,49,54,55,56,59,62,63,64,69,74,75,76,78,79,81,82,85,88,89,92,96,97,101,102,104,105,108,109,112,114,117,118,121,127,132,134,145,149,150,153,154,155,158,161,170,173,174,175,177,178,188,195,199,201,202,205,211,220,221,222,224,226,229,233,238,239,241,244,252,253,254,256,258,259,260,261,266,268,274,278,279,281,283,291,292,295,301,305,313,317,318,320,321,323,326,333,337,338,340,350,351,352,360,364,367,370,371,372,374,377,380,384,388,390,391,401,407,408,410,413,414,423,428,431,435,444,446,449,453,455,456,458,459,462,463,465,467,471,474,475,477,479,480,485,486,490,493,494,495,499,503,504,505,506,511,520,521,523,526,527,529,530,533,534,535,536,538,541,548,552,554,556,557,558,561,564,568,569,571,579,582,583,586,587,591,592,595,601,602,606,613,615,618,619,620,624,625,636,639,640,641,648,654,656,657,658,659,662,663,669,672,673,676,678,680,685,687,690,696,699,701,704,705,709,710,711,720,731,735,743,746,747,749,751,752,755,759,760,761,765,766,770,773,775,776,777,785,788,790,793,797,802,804,807,808,809,811,817,824,827,829,831,833,835,845,847,849,852,853,854,858,860,864,869,871,873,874,882,885,894,897,899,901,903,904,908,912,916,919,928,936,943,947,949,951,953,955,965,970,971,977,979,981,984,986,989,990,993,999,1000,1001,1005,1008,1009,1014,1016,1022,1025,1026,1029,1033,1038,1039,1045,1050,1052,1053,1056,1061,1063,1064,1067,1070,1073,1074,1075,1076,1078,1082,1085,1088,1089,1093,1094,1095,1096,1098,1102,1104,1105,1107,1108,1109,1111,1116,1117,1118,1123,1124,1125,1131,1132,1140,1142,1147,1148,1151,1159,1163,1169,1173,1176,1178,1180,1181,1183,1188,1190,1192,1194,1199,1201,1202,1204,1207,1210,1211,1212,1214,1217,1219,1221,1223,1228,1229,1234,1236,1237,1239,1242,1246,1251,1255,1259,1261,1264,1265,1266,1270,1277,1283,1285,1288,1289,1292,1299,1300,1302,1305,1306,1307,1311,1312,1313,1314,1316,1317,1318,1321,1323,1326,1329,1330,1338,1339,1342,1345,1346,1351,1352,1353,1354,1355,1357,1364,1369,1370,1378,1387,1393,1394,1395,1400,1402,1411,1417,1424,1427,1429,1433,1436,1440,1446,1451,1453,1457,1460,1462,1463,1468,1474,1481,1488,1491,1492,1493,1496,1498,1499
T6M7_2,5,9,13,16,19,24,25,29,31,33,37,38,39,40,42,44,47,48,53,59,60,61,65,70,72,73,76,78,79,81,88,91,96,97,100,107,111,116,117,122,130,131,137,145,147,148,149,156,161,163,164,172,173,179,183,184,186,194,195,196,200,202,204,211,213,215,220,221,224,225,226,227,228,232,238,242,244,245,249,255,257,259,261,264,270,271,274,276,281,283,289,290,301,305,307,310,315,317,318,323,325,326,331,333,334,349,352,356,358,359,365,373,377,378,379,380,384,386,387,394,398,403,404,405,407,408,411,414,417,418,420,422,423,427,428,429,431,433,434,436,440,441,443,445,450,453,462,463,464,466,467,468,470,471,474,476,479,481,482,484,489,490,491,492,501,503,505,510,512,516,517,528,531,532,533,537,542,546,548,549,550,551,552,554,560,561,563,564,565,570,571,573,574,585,586,589,596,599,600,603,604,608,609,613,614,615,616,617,621,629,633,636,638,639,642,644,646,649,652,654,661,664,665,667,676,677,678,680,682,683,689,692,694,696,701,703,704,705,712,718,723,725,727,728,730,743,745,746,750,753,756,757,758,761,763,767,768,769,776,777,779,780,784,790,791,794,799,807,808,810,822,824,825,828,836,840,844,846,853,856,857,863,865,867,871,872,873,875,891,892,896,900,901,903,905,907,908,914,919,922,923,925,930,931,932,934,935,936,943,955,965,968,975,976,979,986,988,991,993,996,997,1001,1002,1004,1010,1012,1013,1018,1021,1024,1028,1029,1030,1032,1033,1035,1036,1037,1039,1040,1045,1046,1052,1054,1055,1056,1057,1058,1060,1063,1064,1065,1066,1069,1073,1079,1082,1084,1088,1093,1094,1096,1098,1101,1104,1106,1109,1110,1113,1114,1115,1131,1139,1141,1143,1149,1155,1156,1159,1160,1162,1165,1167,1168,1171,1178,1179,1182,1184,1186,1187,1190,1192,1196,1197,1202,1204,1205,1206,1207,1208,1211,1221,1222,1225,1228,1235,1236,1238,1240,1241,1242,1246,1248,1252,1253,1258,1259,1260,1264,1266,1267,1273,1274,1279,1281,1282,1283,1285,1286,1287,1291,1292,1293,1297,1298,1299,1300,1301,1303,1310,1312,1314,1320,1325,1327,1328,1329,1330,1332,1337,1346,1351,1356,1357,1359,1360,1362,1368,1370,1373,1380,1382,1385,1387,1390,1391,1392,1393,1395,1397,1398,1401,1403,1407,1414,1416,1425,1429,1432,1433,1434,1435,1436,1438,1440,1441,1448,1453,1456,1460,1462,1473,1477,1484,1486,1488,1490,1492,1499
T6M8_1,1,2,6,9,11,13,15,19,23,24,29,33,35,38,41,43,46,49,50,55,56,58,62,66,67,68,70,74,78,81,82,93,95,96,97,98,99,100,101,107,111,124,137,138,142,146,159,162,168,172,173,176,178,183,186,191,200,201,202,205,208,213,214,217,219,220,222,223,224,226,228,229,230,234,238,241,247,249,250,251,257,258,259,262,267,269,272,274,287,289,290,296,298,304,306,315,316,336,339,343,346,349,360,363,366,368,373,375,376,380,382,383,390,391,392,393,395,398,399,402,403,408,411,417,420,421,429,430,431,432,435,438,441,447,449,452,456,457,458,460,461,466,468,472,476,479,481,482,505,506,509,512,513,517,518,519,525,526,528,531,532,537,538,539,540,543,546,550,552,560,566,567,568,569,572,573,580,581,587,597,605,608,611,612,613,618,619,621,622,625,633,634,635,641,643,645,646,648,650,652,655,658,662,665,666,667,669,673,675,677,679,680,688,689,695,697,700,703,705,707,708,709,717,723,724,728,730,736,740,743,745,746,747,749,751,752,753,755,764,766,771,772,776,779,780,786,789,793,796,797,798,799,804,807,809,817,820,821,822,827,828,829,832,834,842,844,845,846,847,849,852,854,856,857,866,872,874,877,881,882,889,892,898,901,902,908,910,912,915,918,919,920,932,934,936,939,942,946,948,949,951,952,956,960,961,962,965,972,975,976,981,987,988,991,992,997,1003,1008,1010,1011,1018,1019,1020,1024,1027,1031,1033,1035,1038,1041,1042,1044,1048,1054,1055,1060,1061,1065,1066,1067,1068,1074,1075,1076,1081,1082,1087,1096,1099,1102,1109,1114,1115,1117,1119,1120,1121,1124,1125,1126,1127,1128,1133,1134,1135,1137,1138,1146,1149,1151,1154,1159,1162,1165,1168,1178,1181,1183,1186,1187,1189,1190,1193,1194,1198,1200,1202,1212,1213,1214,1217,1218,1219,1220,1221,1223,1226,1227,1228,1229,1234,1235,1236,1240,1248,1250,1253,1259,1260,1262,1272,1274,1276,1277,1279,1281,1285,1286,1288,1291,1294,1297,1300,1303,1307,1312,1314,1315,1318,1320,1323,1324,1327,1329,1334,1335,1345,1349,1352,1353,1354,1357,1360,1361,1362,1366,1367,1368,1370,1371,1372,1374,1377,1383,1387,1389,1392,1393,1394,1397,1399,1404,1409,1410,1415,1424,1425,1426,1427,1430,1434,1440,1441,1442,1443,1446,1447,1450,1451,1454,1459,1465,1466,1467,1468,1470,1472,1473,1478,1480,1484,1486,1487,1489,1491,1494,1495,1498,1499,1500
T6M8_2,3,5,7,10,13,14,15,20,25,27,29,34,37,39,40,42,43,45,47,48,53,54,57,58,59,61,63,64,66,68,69,71,79,87,93,97,103,106,107,109,111,114,118,122,129,130,132,135,136,138,140,141,143,148,150,152,155,159,161,162,163,167,168,178,180,181,189,190,196,197,203,204,212,218,219,222,227,229,230,233,235,241,245,246,250,251,256,257,262,266,269,271,275,277,278,280,283,287,292,293,294,304,314,319,320,321,326,328,331,332,335,337,338,339,343,345,348,351,354,355,364,368,369,372,374,379,381,385,389,394,398,399,405,407,409,410,413,421,422,424,429,430,434,435,436,443,445,446,447,449,450,452,457,458,459,460,461,463,465,475,478,479,480,489,491,494,495,496,498,503,510,512,515,516,517,525,526,527,528,536,542,544,550,557,561,577,581,583,591,597,604,613,615,617,619,624,628,634,636,637,638,639,641,646,647,648,652,656,661,664,666,668,669,670,672,679,685,686,688,692,694,695,696,697,698,702,703,709,711,715,716,719,721,723,727,729,732,734,735,739,741,743,745,751,753,756,757,763,764,772,773,776,779,781,782,783,784,788,794,801,804,807,811,812,816,817,818,824,828,829,830,831,833,838,841,844,845,846,847,852,853,862,863,866,869,870,875,882,883,884,889,896,898,900,910,911,916,920,928,934,935,936,937,943,948,951,954,955,957,958,964,965,970,973,980,981,985,986,990,991,997,1000,1003,1005,1006,1010,1011,1016,1022,1024,1028,1029,1031,1036,1038,1040,1049,1053,1054,1057,1058,1059,1060,1061,1065,1072,1074,1076,1077,1081,1083,1084,1085,1086,1090,1091,1094,1098,1099,1102,1103,1109,1115,1121,1123,1125,1127,1131,1134,1135,1138,1140,1141,1142,1143,1146,1149,1152,1155,1156,1164,1165,1167,1171,1173,1174,1175,1177,1181,1183,1184,1185,1188,1191,1198,1199,1200,1203,1205,1209,1210,1216,1218,1221,1222,1223,1228,1230,1233,1234,1235,1237,1239,1247,1248,1252,1253,1258,1259,1260,1261,1262,1266,1267,1269,1270,1272,1273,1275,1283,1292,1293,1294,1295,1297,1300,1308,1313,1314,1315,1318,1324,1326,1330,1334,1337,1344,1347,1350,1357,1362,1364,1368,1370,1374,1375,1386,1388,1392,1394,1400,1403,1406,1413,1418,1423,1425,1434,1437,1440,1442,1443,1444,1445,1446,1452,1453,1454,1456,1459,1461,1463,1464,1467,1468,1469,1470,1471,1472,1474,1476,1478,1479,1480,1482,1485,1488,1490,1495,1499
T6M9_1,2,7,18,21,23,28,32,36,42,54,62,64,71,72,79,82,84,90,92,93,98,99,100,103,104,106,108,109,110,118,123,124,125,129,131,137,139,144,145,150,153,159,161,166,168,170,174,192,194,202,210,214,218,224,227,229,230,232,233,235,236,237,238,241,242,245,246,247,248,255,258,259,260,265,266,269,270,277,279,282,288,302,303,304,306,307,308,310,312,313,315,319,323,324,326,327,335,337,343,344,347,349,353,354,356,358,363,364,366,367,368,369,372,375,378,379,382,385,388,391,392,397,398,400,402,406,412,420,423,428,430,433,435,437,438,440,452,454,461,470,471,474,475,477,483,484,485,486,490,492,493,494,497,501,504,507,509,511,515,516,522,531,532,537,541,545,551,553,555,556,560,561,563,564,565,567,569,572,573,579,583,584,588,593,603,610,612,615,616,620,624,626,633,635,636,641,642,647,648,650,652,654,658,661,662,663,666,671,673,674,681,687,691,694,697,701,714,720,722,723,726,727,730,731,732,733,735,737,738,739,742,744,745,746,747,751,754,756,757,758,761,763,765,770,771,774,777,779,781,783,786,789,791,792,798,800,801,802,804,806,808,809,811,814,819,820,821,822,825,826,834,835,837,842,843,844,849,851,852,854,858,859,865,870,878,879,880,882,888,889,891,893,894,895,897,900,908,912,913,917,918,919,922,925,926,928,931,932,943,944,951,952,956,957,958,959,961,963,965,966,967,969,972,973,977,981,983,985,986,992,994,1000,1003,1009,1012,1015,1018,1022,1023,1025,1029,1031,1034,1037,1046,1047,1058,1060,1067,1069,1073,1077,1080,1082,1087,1089,1092,1093,1096,1098,1106,1108,1113,1116,1119,1121,1123,1126,1127,1132,1140,1145,1146,1148,1151,1155,1156,1157,1158,1162,1165,1167,1168,1174,1176,1179,1180,1181,1182,1185,1186,1190,1191,1192,1195,1200,1211,1215,1218,1219,1220,1223,1224,1227,1228,1229,1231,1234,1238,1243,1244,1247,1250,1252,1255,1256,1264,1278,1279,1284,1285,1286,1292,1294,1297,1299,1303,1309,1313,1314,1316,1319,1321,1323,1328,1329,1330,1331,1334,1336,1337,1338,1341,1347,1359,1363,1365,1366,1367,1368,1369,1373,1377,1378,1379,1387,1390,1395,1397,1398,1400,1401,1402,1405,1406,1410,1411,1412,1415,1416,1417,1418,1422,1423,1424,1428,1429,1435,1438,1440,1442,1444,1445,1450,1454,1455,1458,1460,1463,1468,1470,1475,1482,1483,1485,1486,1493,1494,1496,1500
T6M9_2,4,11,20,21,23,27,29,30,36,37,38,42,43,44,45,46,50,56,57,60,62,65,66,67,70,71,72,82,83,85,89,90,95,97,99,103,108,114,115,116,120,123,124,127,132,134,136,141,142,148,151,152,154,160,163,169,171,173,174,182,192,193,195,197,198,199,200,204,205,206,211,212,215,218,220,225,233,235,237,239,246,247,248,250,256,262,263,264,265,267,268,270,272,273,276,281,283,289,290,293,294,295,297,299,302,312,319,321,322,325,328,331,340,341,342,348,355,357,358,359,362,363,364,365,371,373,380,382,384,385,389,394,395,397,398,399,400,404,407,409,414,416,419,420,426,427,429,431,434,436,437,439,442,443,444,446,447,452,454,458,462,469,471,472,473,476,483,486,490,491,494,499,502,503,506,509,510,511,512,514,516,517,521,523,527,529,530,532,538,541,546,552,553,554,555,557,560,563,566,575,579,580,582,584,587,588,595,596,602,603,608,611,613,615,618,619,625,629,633,637,638,641,642,647,655,657,661,664,665,667,668,676,677,679,685,686,688,689,698,699,702,703,705,706,707,709,712,718,722,725,726,727,730,735,738,739,745,749,752,755,757,758,759,766,767,769,770,772,777,782,785,789,790,797,799,800,802,805,806,810,817,822,824,829,832,833,834,835,838,841,842,850,853,854,856,859,862,864,865,867,868,870,872,877,884,887,888,889,891,902,907,908,916,917,929,931,935,939,941,948,951,958,960,961,969,972,973,979,981,985,988,990,992,993,994,995,996,997,998,1003,1004,1007,1009,1010,1011,1012,1017,1018,1019,1021,1023,1027,1033,1034,1038,1039,1040,1050,1053,1055,1068,1076,1080,1081,1084,1088,1092,1095,1110,1118,1119,1120,1121,1123,1125,1127,1134,1137,1145,1146,1147,1151,1152,1157,1159,1165,1167,1168,1169,1174,1179,1182,1183,1193,1197,1199,1203,1204,1210,1215,1217,1223,1224,1227,1230,1232,1234,1236,1237,1240,1241,1243,1246,1248,1252,1257,1258,1260,1262,1266,1269,1272,1278,1281,1285,1288,1291,1292,1295,1300,1301,1302,1305,1306,1308,1311,1314,1315,1322,1329,1332,1334,1342,1350,1351,1352,1354,1355,1357,1364,1369,1375,1379,1382,1384,1386,1398,1400,1401,1406,1407,1408,1411,1413,1414,1415,1419,1420,1422,1423,1425,1426,1434,1441,1445,1446,1448,1449,1450,1454,1456,1458,1462,1463,1465,1467,1470,1471,1472,1475,1476,1481,1483,1486,1487,1488,1491,1495,1498,1500
