qid,qid,qid_date,LambdaRank,LambdaMART,"3bps,10bps",51rank,51mart,"5bps,10bps",11rank,11mart,"1bp,10bps",00rank,00mart,"0bp,10bps",kong,ChiNext Index,ChiNext Index,ChiNext All Report,number of stocks,,,,
2021/Q4,2021/12/6,5000000,1000000,1000000,1000000,1000000,1000000,1000000,1000000,1000000,1000000,1000000,1000000,1000000,5000000,1000000,1000000,1000000,0,,1,1,1
,2021/12/7,20211207,1043474.41,1002175.746,1002213.705,1043066.703,1001782.382,1001879.968,1043882.116,1002575.238,1002614.591,1045127.8,1003775.6,1002781.56,20211207,1016583,1016583,1002107.672,2,5.691,0.999667,1.0004,1.0005666
,2021/12/8,20211208,1000915.125,961298.8224,957836.8002,1000100.778,960514.7604,957198.8809,1001729.472,962036.6114,958603.0697,1004059.6,964396.4,958922.2209,20211208,1026841.339,1026841.339,962296.5185,2,-41125.7808,0.999334,1.0008,1.0011332
,2021/12/9,20211209,994876.8182,989360.9638,985864.3822,993719.2648,988187.4912,984879.5036,996089.098,990488.163,987047.4194,999610.8,994049.8,987540.1544,20211209,1029044.941,1029044.941,961812.0108,2,28060.6114,0.999001,1.0012,1.0016998
,2021/12/10,20211210,1033085.946,991866.3892,988222.3845,1031510.968,990251.3286,986906.0723,1034761.787,993392.6402,989803.5403,1039654.2,998014,990462.0917,20211210,1037982.196,1037982.196,964558.215,2,2359.1344,0.998668,1.0016,1.0022664
,2021/12/13,20211213,1008489.312,987062.6996,983396.1532,1006580.639,985030.9618,982086.2695,1010560.186,988999.8182,984969.5871,1016517.8,994745.6,985624.9222,20211213,1037400.926,1037400.926,958575.6051,0,0,0.998668,1.0016,1.0022664
,2021/12/14,20211214,1009834.958,988360.3086,1002493.222,1007532.051,985934.2478,1000490.24,1012304.088,990725.678,1004899.206,1019504,997641.8,1005901.298,20211214,1028390.061,1028390.061,959719.8162,1,19211.389,0.998002,1.0024,1.0033996
,2021/12/15,20211215,1002999.465,991452.6012,1005710.998,1000318.614,988634.9638,1003701.588,1005858.78,994227.532,1008124.705,1014215,1002365.4,1009130.013,20211215,1035999.119,1035999.119,975080.5035,0,0,0.998002,1.0024,1.0033996
,2021/12/16,20211216,976223.8818,972164.0834,988365.6285,973159.0942,968999.0032,986390.874,979346.9168,975212.1148,990737.706,988735.8,984445.8,991725.6763,20211216,1019328.858,1019328.858,957178.8158,0,0,0.998002,1.0024,1.0033996
,2021/12/17,20211217,992016.1082,963894.1664,1041075.158,988529.5292,960310.5104,1037955.056,995561.7928,967298.375,1044823.028,1006407,977699.2,1046384.016,20211217,989117.989,989117.989,929729.3583,1,53783.849,0.997003,1.0036,1.0050994
,2021/12/20,20211220,1001804.645,981407.1018,1041075.158,997869.7998,977340.5286,1037608.378,1005788.81,985227.971,1045239.458,1017908.2,997056.4,1046973.89,20211220,994391.966,994391.9661,941883.0376,1,49384.638,0.99667,1.004,1.005666
,2021/12/21,20211221,1002291.911,959536.1478,1041075.158,997947.6006,955137.5762,1037261.7,1006653.83,963625.631,1045655.889,1020028.6,976364,1047563.763,20211221,999798.4752,999798.4752,937454.6997,3,-24854.088,0.996337,1.0044,1.0062326
,2021/12/22,20211222,980825.5766,938972.3456,1018740.204,976167.0922,934306.525,1014669.319,985475.5466,943379.011,1023630.157,999771.8,956986.8,1025666.823,20211222,1001267.179,1001267.179,918228.2416,3,-23316.538,0.996004,1.0048,1.0067992
,2021/12/23,20211223,954328.8618,926587.9748,1020132.361,949422.8928,921615.744,1015716.208,959246.94,931302.4058,1025437.049,974312.6,945876.4,1027646.452,20211223,978518.3888,978518.3888,906342.5101,1,1453.334,0.995671,1.0052,1.0073658
,2021/12/24,20211224,963012.5284,938517.9184,1033302.371,957675.588,933116.5924,1028485.115,968409.2718,943705.0948,1039088.864,984762.4,959646.6,1041498.939,20211224,977525.1926,977525.1927,919866.1636,3,13748.197,0.995338,1.0056,1.0079324
,2021/12/27,20211227,990791.813,947563.884,1042448.904,984883.3578,941749.847,1037589.007,996764.8704,953191.7006,1048286.618,1014766.6,970446,1050718.025,20211227,987821.4656,987821.4655,935536.2977,0,0,0.995338,1.0056,1.0079324
,2021/12/28,20211228,986810.22,942451.0014,1046970.496,980494.925,936276.4926,1041392.238,993181.3306,948428.5116,1053671.108,1012410.6,966751.6,1056461.912,20211228,973957.3912,973957.3913,925420.6016,1,-10532.254,0.994672,1.0064,1.0090656
,2021/12/29,20211229,1006544.612,964066.3222,1077007.653,999594.6828,957371.575,1071269.356,1013454.455,970572.1696,1083900.502,1034226.2,990496.2,1086771.373,20211229,986079.265,986079.265,939880.5778,0,0,0.994672,1.0064,1.0090656
,2021/12/30,20211230,991293.9262,952247.6766,1045564.537,983980.5798,945204.7594,1039993.769,998467.01,959093.7612,1052256.15,1020159.8,979894.6,1055043.207,20211230,986027.0028,986027.0028,934315.8324,0,0,0.994672,1.0064,1.0090656
,2021/12/31,20211231,958448.8206,924130.9658,1013457.473,951040.4612,916823.6118,1007045.327,965793.6702,931321.0862,1021159.749,987947.6,952026.6,1024367.748,20211231,964492.173,964492.173,899685.3359,2,-33926.59,0.993673,1.0076,1.0107654
,2022/1/4,20220104,924385.0426,906126.9824,993654.984,916858.1878,898607.4662,987037.2418,931861.7978,913511.962,1001604.224,954396.2,934957.2,1004915.082,20220104,938169.2526,938169.2526,879657.9237,1,-7987.073,0.99334,1.008,1.011332
,2022/1/5,20220105,938577.4626,914610.008,993654.984,930567.101,906707.957,986706.3547,946501.5972,922425.4418,1002001.686,970452.6,945268.2,1005478.087,20220105,928056.7262,928056.7263,877788.5092,3,9598.928,0.993007,1.0084,1.0118986
,2022/1/6,20220106,925011.8966,913933.3196,985637.5908,916743.4228,905644.002,978745.0271,933147.2592,922083.299,993916.9465,957967.6,946078.6,997365.2982,20220106,918961.7704,918961.7703,862213.5711,0,0,0.993007,1.0084,1.0118986
,2022/1/7,20220107,973679.8112,937872.3338,1025180.162,964466.623,928942.7006,1018011.077,982580.8408,946574.442,1033791.676,1009898.2,972473.8,1037378.371,20220107,918593.2666,918593.2667,883798.9944,0,0,0.993007,1.0084,1.0118986
,2022/1/10,20220110,934054.235,911054.4606,982702.6245,924763.9784,902073.0684,975830.5851,943014.9622,919885.9496,990957.3266,970345.4,946196,994395.41,20220110,906847.2146,906847.2146,860401.7551,0,0,0.993007,1.0084,1.0118986
,2022/1/11,20220111,941292.9922,933325.0348,999296.141,931555.6058,923766.9852,992308.0631,950690.6114,942800.6942,1007690.229,979387.2,970910,1011186.366,20220111,930729.036,930729.036,872841.2985,0,0,0.993007,1.0084,1.0118986
,2022/1/12,20220112,932232.5174,911561.9826,1001055.262,922177.2744,902113.6562,992388.1255,941896.9498,921357.2674,1011466.237,971500.4,950093.2,1015802.408,20220112,914826.5996,914826.5997,862171.194,1,-24251.347,0.991342,1.0104,1.0147316
,2022/1/13,20220113,962642.37,937851.6178,1035353.973,951926.9486,927771.5456,1026045.105,972906.71,948407.9112,1046535.795,1004791.6,979030.2,1051193.025,20220113,925573.0678,925573.0677,875797.5548,3,29327.887,0.991009,1.0108,1.0152982
,2022/1/14,20220114,992231.0014,942543.5716,1049282.838,980683.5966,932283.998,1039499.325,1002908.893,953674.5964,1061034.806,1037396.4,985630.2,1065929.501,20220114,940690.4526,940690.4526,891584.3246,1,62915.979,0.990676,1.0112,1.0158648
,2022/1/17,20220117,968365.3178,924947.7976,1024922.823,956735.408,914502.593,1015025.143,979194.1186,936238.9774,1036811.928,1014082.6,968767.8,1041763.74,20220117,932939.1634,932939.1633,883331.1836,1,-66673.077,0.990343,1.0116,1.0164314
2022/Q1,2022/1/18,20220118,978680.3124,888333.5718,1001645.644,966580.116,877930.3812,991972.7521,990130.8764,899479.917,1013264.734,1026488.2,931871.6,1018104.084,20220118,912642.1388,912642.1389,875160.5633,0,0,0.990343,1.0116,1.0164314
,2022/1/19,20220119,957334.112,851265.6558,958667.8459,945153.1444,840840.0972,949409.9905,968943.6928,862440.339,969788.3929,1005702.4,894557.6,974420.1007,20220119,909666.0128,909666.0129,857107.3905,0,0,0.990343,1.0116,1.0164314
,2022/1/20,20220120,922743.8848,836199.4168,958667.8459,910690.1506,825398.1192,948452.2813,934318.7392,847226.6874,970938.7943,970862.2,879871.2,976049.6443,20220120,900361.0392,900361.0392,852580.5897,2,-19062.102,0.989344,1.0128,1.0181312
,2022/1/21,20220121,938350.4688,848858.3494,958667.8459,925701.644,837689.8346,948133.0449,950388.5576,860261.5484,971322.2615,988770,894473.2,976592.8255,20220121,906800.4214,906800.4214,857409.6358,3,13404.045,0.989011,1.0132,1.0186978
,2022/1/24,20220124,923430.3586,832103.3386,932899.5829,910600.765,820766.133,922337.2939,935612.6886,843633.8726,945587.0173,974597.8,878177.8,950871.3337,20220124,882612.427,882612.4269,839852.467,1,-26763.798,0.988678,1.0136,1.0192644
,2022/1/25,20220125,925749.4588,837731.6944,924033.5811,912931.0714,825920.6316,913263.9697,938429.0628,849726.0866,936970.0512,978521.4,885443.2,942358.0911,20220125,891337.9334,891337.9334,844514.0078,1,-19399.7084,0.988345,1.014,1.019831
,2022/1/26,20220126,880236.893,829330.2856,916463.8345,867707.5618,817301.742,905782.4485,892678.8708,841554.7738,929294.3282,931811.6,877954.2,934638.2288,20220126,862353.4064,862353.4065,828263.1743,0,0,0.988345,1.014,1.019831
,2022/1/27,20220127,847123.7228,826724.8432,915639.7949,834700.8428,814404.6914,904968.0131,859359.0896,839250.5522,928458.752,898162.4,876612.2,933797.8477,20220127,862987.2362,862987.2362,826186.1115,0,0,0.988345,1.014,1.019831
,2022/1/28,20220128,812198.596,847770.2474,940728.9635,800078.9042,834878.2298,928824.9792,824853.3272,860826.454,955028.0437,862771.2,900360,960983.6107,20220128,865619.3472,865619.3473,827459.4481,1,57145.5164,0.987346,1.0152,1.0215308
,2022/2/7,20220207,787275.2658,835448.5324,926957.5941,774991.0456,822455.085,914919.1958,800111.6754,848623.033,941418.1326,837723.4,888710.8,947440.9468,20220207,844428.9856,844428.9857,823117.011,2,-15260.264,0.987013,1.0156,1.0220974
,2022/2/8,20220208,816616.1568,852931.7766,926957.5941,803584.3182,839326.7574,914610.5189,830283.4026,866716.7766,941788.9156,870378.8,908748.2,947966.161,20220208,855425.9844,855425.9843,842739.9191,3,21491.266,0.98668,1.016,1.022664
,2022/2/9,20220209,800578.197,841122.9668,912786.9941,787495.2236,827440.7936,900628.6713,814301.2274,855113.0726,927391.586,854663.6,897582.6,933474.3985,20220209,838479.1402,838479.1402,832148.9081,0,0,0.98668,1.016,1.022664
,2022/2/10,20220210,771281.6822,814183.276,892093.0968,758202.7386,800650.5008,880210.4167,784996.1042,828097.9986,906366.5863,824470.4,870242.4,912311.4947,20220210,814694.0024,814694.0024,812328.9381,0,0,0.98668,1.016,1.022664
,2022/2/11,20220211,771281.6822,814183.276,892093.0968,758202.7386,800650.5008,880210.4167,784996.1042,828097.9986,906366.5863,824470.4,870242.4,912311.4947,,810417.6736,810417.6736,812328.9381,0,0,0.98668,1.016,1.022664
,2022/2/14,20220214,771281.6822,814183.276,892093.0968,758202.7386,800650.5008,880210.4167,784996.1042,828097.9986,906366.5863,824470.4,870242.4,912311.4947,,835450.665,835450.6651,812328.9381,0,0,0.98668,1.016,1.022664
,2022/2/15,20220215,771281.6822,814183.276,892093.0968,758202.7386,800650.5008,880210.4167,784996.1042,828097.9986,906366.5863,824470.4,870242.4,912311.4947,,836016.2652,836016.2652,812328.9381,0,0,0.98668,1.016,1.022664
,2022/2/16,20220216,787963.0076,827479.3696,946349.0697,774281,813447.2542,931852.8946,802283.4516,841901.8778,963761.8926,843624.2,885772,971014.3333,20220216,842359.1206,842359.1206,811378.8889,2,17215.429,0.984682,1.0184,1.0260636
,2022/2/17,20220217,786289.2154,825245.583,957191.5455,772353.1778,810944.4404,942529.2854,800848.3176,839926.168,974803.8699,843167.4,884799.6,982139.403,20220217,838485.9534,838485.9534,808976.3839,0,0,0.984682,1.0184,1.0260636
,2022/2/18,20220218,792540.6172,816696.7584,957191.5455,778128.8666,802249.8706,941891.7958,807514.2636,831544.6868,975569.6231,851171.6,877011.2,983224.0925,20220218,831882.8764,831882.8765,804256.0834,1,-14110.982,0.984016,1.0192,1.0271968
,2022/2/21,20220221,805742.5234,825618.6206,957191.5455,790751.7048,810660.9096,941573.051,821231.097,840899.4474,975952.4998,866589.6,887834.6,983766.4372,20220221,820394.574,820394.574,802100.7189,3,11479.782,0.983683,1.0196,1.0277634
,2022/2/22,20220222,850635.4256,873447.0812,957191.5455,834436.1326,857280.5516,941254.3062,867345.2398,890055.8054,976335.3764,916460,940897,984308.7819,20220222,843504.2688,843504.2687,842897.7111,3,61863.863,0.98335,1.02,1.02833
,2022/2/23,20220223,836622.3108,875463.772,1002173.321,820400.9294,858921.132,985487.1351,853405.581,892284.7626,1022216.787,902820.8,944427.6,1030564.891,20220223,825704.6416,825704.6416,829662.2081,0,0,0.98335,1.02,1.02833
,2022/2/24,20220224,847169.4682,884282.2486,1013676.265,830388.5544,867167.9204,996123.4472,864440.8338,901642.9888,1034760.732,915672,955356.8,1043542.412,20220224,847018.5556,847018.5555,838486.2056,1,12914.766,0.982684,1.0208,1.0294632
,2022/2/25,20220225,826699.0386,884450.723,1000528.912,809575.8284,867204.3566,983203.7532,843331.8216,902281.3574,1021339.913,894755.2,957159,1030007.695,20220225,854569.726,854569.726,842350.8548,0,0,0.982684,1.0208,1.0294632
,2022/2/28,20220228,826560.6128,892963.9218,998627.1056,808996.383,875186.2012,980669.793,843407.5154,911313.7696,1020197.451,896010.2,967892.8,1029181.5,20220228,855884.9088,855884.9088,842809.4227,2,4833.007,0.982018,1.0216,1.0305964
,2022/3/1,20220301,812042.3624,883024.1544,982959.0459,794430.43,865168.031,964956.151,828858.6034,901502.4792,1004584.145,881663,958681.6,1013590.999,20220301,840700.6546,840700.6546,835540.3528,2,-12807.411,0.981685,1.022,1.031163
,2022/3/2,20220302,794812.1176,874527.1106,982959.0459,777209.0296,856498.0086,964628.8256,811639.204,893253.4794,1004977.329,864336.6,950945.2,1014147.943,20220302,828027.0922,828027.0922,819869.464,3,-10791.595,0.981352,1.0224,1.0317296
,2022/3/3,20220303,795922.2402,856508.9766,982959.0459,777987.036,838518.4922,964301.5003,813101.2954,875219.3958,1005370.512,866932,932850,1014704.888,20220303,815168.6596,815168.6595,812148.5749,1,-17223.589,0.981019,1.0228,1.0322962
,2022/3/4,20220304,776566.9436,830451.916,935381.3753,758789.4238,812637.4734,917626.9014,793657.6522,848945.408,956708.0706,847181.4,905916.6,965590.6392,20220304,780081.355,780081.3549,784805.9608,0,0,0.981019,1.0228,1.0322962
,2022/3/7,20220307,738955.7604,790970.2112,890817.5271,721818.7292,773724.044,873315.6352,755509.9248,808904.4054,911840.8208,807458,864179.4,920597.0226,20220307,766015.708,766015.708,759817.0357,2,-52507.009,0.980353,1.0236,1.0334294
,2022/3/8,20220308,750861.7082,824438.2148,929626.6645,733131.7544,806285.135,911052.7238,768176.643,843865.545,951937.7045,821630.4,902565.8,961230.2526,20220308,761179.0848,761179.0848,762031.826,3,45727.553,0.98002,1.024,1.033996
,2022/3/9,20220309,781715.127,822435.978,969410.0701,762931.323,804232.1732,949718.4434,800059.2434,842215.9332,993063.6759,856752,901995.6,1002915.403,20220309,781473.6416,781473.6416,779493.9657,1,54941.003,0.979687,1.0244,1.0345626
,2022/3/10,20220310,804791.9018,822864.4732,969410.0701,785237.0114,804341.2746,949718.4434,824189.4892,842996.497,993063.6759,883620.4,903906.8,1002915.403,20220310,790437.1442,790437.1443,783128.7141,0,0,0.979687,1.0244,1.0345626
,2022/3/11,20220311,774837.9664,782185.3314,969410.0701,755706.839,764172.2446,949718.4434,793867.856,801269.6222,993063.6759,852207.2,860392,1002915.403,20220311,762247.7844,762247.7844,773968.8848,0,0,0.979687,1.0244,1.0345626
,2022/3/14,20220314,753946.2502,778697.7612,975768.1522,734924.8708,760615.4526,954972.5814,772330.3422,798273.7824,1000747.817,830752.8,858119.4,1011151.847,20220314,742763.2066,742763.2065,754400.7781,1,-11568.593,0.978688,1.0256,1.0362624
,2022/3/15,20220315,787682.631,808159.2072,1010015.975,767605.8446,789253.4412,988154.1795,807366.0546,829087.0664,1036276.391,869312.6,892097.2,1047213.854,20220315,781389.8644,781389.8643,773128.6688,1,73023.66,0.978355,1.026,1.036829
,2022/3/16,20220316,802149.732,818771.4856,1005653.371,781439.822,799280.7666,983551.1216,822568.6898,840291.951,1032202.62,886744.2,905256.2,1043260.383,20220316,803807.9396,803807.9395,779577.5058,1,3733.762,0.978022,1.0264,1.0373956
,2022/3/17,20220317,820142.8152,853265.7222,1048256.017,798645.1388,832782.3034,1024868.377,841366.9782,876209.3518,1076349.279,908183.8,944942,1088050.122,20220317,804704.9892,804704.9892,790243.4393,2,51489.659,0.977689,1.0268,1.0379622
,2022/3/18,20220318,843293.0204,850347.3336,1044686.737,820877.3486,829610.1118,1021378.731,865452.8032,873568.9242,1072684.341,935232.2,943286.6,1084345.343,20220318,808364.7874,808364.7875,795411.9302,0,0,0.977689,1.0268,1.0379622
,2022/3/21,20220321,821905.6104,813546.5422,1044686.737,799707.5788,793354.5596,1020682.969,843845.7912,836050.8756,1073520.09,912959.6,903771,1085529.182,20220321,797100.2242,797100.2241,784539.0987,1,-4383.346,0.977023,1.0276,1.0390954
,2022/3/22,20220322,853852.1764,820391.12,1084336.618,830586.7932,799714.1136,1059060.731,877096.814,843289.668,1114698.043,949977,912786.2,1127343.577,20220322,805307.168,805307.1681,787137.0546,1,38108.292,0.97669,1.028,1.039662
,2022/3/23,20220323,858458.2248,847646.621,1120571.759,834762.5726,826053.1208,1094078.081,882196.868,871716.8142,1152395.997,956635.8,944671.2,1165650.792,20220323,802406.4516,802406.4516,793952.5299,1,37973.335,0.976357,1.0284,1.0402286
,2022/3/24,20220324,840978.7738,835125.1448,1099521.3,817438.4468,813517.29,1073159.178,864585.7838,859157.7662,1131187.514,938645.6,932193.4,1144376.492,20220324,782151.3056,782151.3056,790985.6225,3,-19834.234,0.976024,1.0288,1.0407952
,2022/3/25,20220325,842092.6862,835893.9178,1109714.9,818184.329,813932.6704,1083108.375,866070.2592,860258.7528,1141674.689,941404.6,934538.6,1154985.941,20220325,769147.258,769147.258,789766.9984,0,0,0.976024,1.0288,1.0407952
,2022/3/28,20220328,834949.511,844210.3368,1108507.702,810913.1396,821696.6208,1081191.855,859091.8984,869115.3872,1141319.53,934920.4,945407.2,1154985.657,20220328,768701.1526,768701.1526,782092.2878,1,17626.782,0.975358,1.0296,1.0419284
,2022/3/29,20220329,855852.5214,864884.5376,1108507.702,830859.7274,841583.3132,1080822.722,880970.3622,890749.3456,1141762.933,959868.6,970215.4,1155613.737,20220329,799571.4222,799571.4221,795106.517,4,19056.128,0.975025,1.03,1.042495
,2022/3/30,20220330,838093.2886,869544.9736,1108507.702,813313.8158,845776.192,1080453.589,863038.9294,895905.779,1142206.336,941464.8,977005.4,1156241.817,20220330,788490.1618,788490.1618,787830.6329,2,4726.235,0.974692,1.0304,1.0430616
,2022/3/31,20220331,871148.3506,911448.5964,1257278.661,844994.4118,886135.3808,1225459.452,897386.5686,939429.781,1295499.932,980159.2,1025644.4,1311419.092,20220331,790693.9918,790693.9918,790158.5392,0,0,0.974692,1.0304,1.0430616
2022/Q2,2022/4/1,20220401,850334.3524,890518.9332,1248583.886,824456.0488,865506.7856,1216984.725,876353.3526,918278.6402,1286540.836,958267.8,1003678,1302349.906,20220401,780879.898,780879.898,777470.1431,0,0,0.974692,1.0304,1.0430616
,2022/4/6,20220406,814406.3696,868777.1752,1213902.489,789308.023,843920.6736,1181968.356,839684.8806,896065.528,1252261.808,919252.8,980822,1268238.464,20220406,764449.404,764449.404,765288.9729,1,-76435.655,0.973693,1.0316,1.0447614
,2022/4/7,20220407,797062.032,842105.6504,1144969.704,772257.0772,817374.4848,1114467.711,822164.0674,868855.802,1181608.735,901136.8,951920.4,1196868.891,20220407,761880.854,761880.8541,747141.9341,1,-85233.998,0.97336,1.032,1.045328
,2022/4/8,20220408,766032.9834,823038.7796,1111393.303,741980.843,798462.6608,1081785.785,790555.6134,849488.8374,1146957.889,867445.4,931775.8,1161770.539,20220408,729890.2388,729890.2389,725354.3939,0,0,0.97336,1.032,1.045328
,2022/4/11,20220411,771650.2562,826002.9084,1117153.095,747120.203,801024.4022,1087392.137,796670.54,852891.422,1152901.994,875203,936632,1167791.411,20220411,748155.0122,748155.0122,731943.4043,0,0,0.97336,1.032,1.045328
,2022/4/12,20220412,735332.2022,792957.2948,1054976.085,711656.3574,768782.9478,1025817.601,759483.1088,819140.6988,1090001.291,835349.4,900666.4,1104589.289,20220412,731288.6056,731288.6056,720518.7877,3,-48052.124,0.972361,1.0332,1.0470278
,2022/4/13,20220413,748590.0168,799503.916,1045053.254,724299.3934,774817.2928,1015821.024,773598.687,826226.1696,1080167.043,851740.8,909543.8,1094791.936,20220413,731114.559,731114.5589,723099.8256,1,-10821.467,0.972028,1.0336,1.0475944
,2022/4/14,20220414,765502.5482,775244.2758,1013328.089,740327.1122,751058.5688,984645.8375,791418.2384,801466.1094,1047781.244,872443.2,883358.4,1062130.983,20220414,729344.5306,729344.5306,712520.5632,1,-37578.434,0.971695,1.034,1.048161
,2022/4/15,20220415,773487.3854,794034.3868,1038032.693,747806.6134,768883.24,1008651.178,799993.2528,821254.6492,1073325.805,882952,906200.4,1088025.386,20220415,737458.4884,737458.4885,714226.1426,0,0,0.971695,1.034,1.048161
,2022/4/18,20220418,764481.9066,785187.2502,1010249.499,738802.321,760090.4778,981654.3868,791001.51,812496.5012,1044597.982,874065.6,897576.6,1058904.125,20220418,727299.9978,727299.9978,710625.0538,0,0,0.971695,1.034,1.048161
,2022/4/19,20220419,754148.7708,785397.1546,1016602.849,728529.0236,760046.7406,987827.9052,780616.8098,813091.1278,1051167.346,863625.6,899276.6,1065563.459,20220419,700641.5436,700641.5437,701556.0466,0,0,0.971695,1.034,1.048161
,2022/4/20,20220420,760225.528,762873.9476,987912.2306,734123.337,738066.7038,958633.4758,787258.5434,790147.087,1023081.906,871910.8,874979.2,1037730.076,20220420,685454.4376,685454.4376,694199.1144,1,-32955.549,0.970363,1.0356,1.0504274
,2022/4/21,20220421,753917.8446,758311.1646,965791.6752,727883.085,733392.4,936846.8987,781083.244,785692.9266,1000560.175,866109,871178.2,1015041.256,20220421,680741.9384,680741.9383,686755.9404,1,-20534.567,0.97003,1.036,1.050994
,2022/4/22,20220422,698845.9904,707449.8248,965791.6752,674304.2888,683912.1862,936846.8987,724156.2076,733143.4694,1000560.175,803936.4,813956.6,1015041.256,20220422,642911.0666,642911.0666,675166.4646,0,0,0.97003,1.036,1.050994
,2022/4/25,20220425,641836.8798,692774.5946,946805.0424,619160.6558,669398.3778,918429.2953,665336.5528,718173.2516,980890.0239,739517,798370.4,995086.4188,20220425,637419.9632,637419.9632,669360.8231,0,0,0.97003,1.036,1.050994
,2022/4/26,20220426,661713.146,724745.6964,990936.8808,638039.8474,700144.6986,960248.5566,686210.029,751564.6422,1027799.733,763614.6,836757.4,1043153.111,20220426,672580.6858,672580.6858,677879.9577,2,50030.966,0.969031,1.0372,1.0526938
,2022/4/27,20220427,644385.6062,722728.3874,976479.2124,621125.1198,697898.0342,946238.6276,668541.3002,749749.6906,1012804.239,744825,835762.4,1027933.613,20220427,660264.3882,660264.3882,674387.1332,0,0,0.969031,1.0372,1.0526938
,2022/4/28,20220428,646055.1998,742573.9178,1013444.665,622463.553,716748.8758,982059.2976,670518.2144,770616.099,1051144.807,747907.4,860060.4,1066846.916,20220428,687368.9016,687368.9016,684835.8023,0,0,0.969031,1.0372,1.0526938
,2022/4/29,20220429,650516.3538,742003.5926,1016141.774,626557.3456,715909.9086,983657.7539,675489.8622,770327.4474,1055161.618,754311.6,860778.4,1071413.383,20220429,678248.891,678248.891,687582.4661,1,-12225.92,0.968032,1.0384,1.0543936
,2022/5/5,20220505,664585.28,747710.7348,1048654.148,639753.365,721121.3876,1014781.57,690274.2196,776564.447,1089341.929,771732.8,868781.8,1106288.389,20220505,665364.8752,665364.8751,686780.6518,2,8340.402,0.967699,1.0388,1.0549602
,2022/5/6,20220506,652292.5868,757530.1708,1059049.729,627655.8164,730299.2366,1024841.364,677712.0286,787063.358,1100140.859,758571.4,881591.8,1117255.314,20220506,660346.6932,660346.6932,689261.514,0,0,0.967699,1.0388,1.0549602
,2022/5/9,20220509,678247.629,792815.0474,1104215.504,652364.8632,763885.9422,1068548.239,704979.8632,823966.5206,1147059.066,790025.6,924103.2,1164903.409,20220509,674642.5388,674642.5388,702198.2127,0,0,0.967699,1.0388,1.0549602
,2022/5/10,20220510,696529.0594,808866.6916,1118511.249,669638.2416,778976.9852,1081264.824,724274.0402,841033.5142,1163251.699,812620.6,944304,1181886.096,20220510,695320.3326,695320.3326,716131.287,2,24706.394,0.9667,1.04,1.05666
,2022/5/11,20220511,706162.099,815149.1562,1127321.557,678624.7762,784712.5476,1089406.351,734575.2064,847899.548,1172865.348,825168.6,953161.6,1191834.337,20220511,696826.3964,696826.3964,717310.8995,1,8817.736,0.966367,1.0404,1.0572266
,2022/5/12,20220512,696579.3474,809760.9402,1118088.1,669156.2636,779217.0954,1080111.119,724827.8418,842630.354,1163706.094,815273.8,948377.6,1182705.989,20220512,698856.9486,698856.9486,714823.3071,1,-2528.492,0.966034,1.0408,1.0577932
,2022/5/13,20220513,686412.0578,794324.9052,1094894.039,659077.0124,764052.246,1057340.269,714510.5074,826869.7114,1140003.674,804589.6,931770.2,1158791.837,20220513,690864.8204,690864.8205,707577.9523,3,-21496.803,0.965701,1.0412,1.0583598
,2022/5/16,20220516,701373.8954,815700.3928,1124412.199,673174.2012,784312.054,1085471.556,730375.28,849471.0042,1171187.747,823445.2,958404.2,1190669.762,20220516,702073.4114,702073.4113,717015.3129,2,24336.052,0.965368,1.0416,1.0589264
,2022/5/17,20220517,704293.4952,827000.3658,1140262.076,675604.5504,794863.089,1100392.813,733671.4924,861647.8664,1188153.084,828014,973423.6,1208099.688,20220517,700962.0292,700962.0291,716594.3191,2,-5104.421,0.965035,1.042,1.059493
,2022/5/18,20220518,702394.7458,816374.7292,1125607.986,673488.301,784416.9202,1085876.276,731974.7126,850960.6046,1173333.765,827169.8,962440.6,1193211.552,20220518,704432.4922,704432.4921,718588.5184,2,-20612.231,0.964702,1.0424,1.0600596
,2022/5/19,20220519,745397.7522,854908.8202,1178752.389,714411.5508,821091.5032,1136752.262,777085.2478,891477.9118,1229202.991,879215.2,1009476.2,1250215.667,20220519,716340.219,716340.219,734083.1742,2,92.815,0.964369,1.0428,1.0606262
,2022/5/20,20220520,747700.8894,848581.5728,1169571.276,716298.869,814685.9448,1127508.815,779768.6772,885221.4268,1220096.755,883289.8,1003598.4,1241140.617,20220520,714186.9002,714186.9003,740120.0353,1,-14150.527,0.964036,1.0432,1.0611928
,2022/5/23,20220523,704816.0854,811772.981,1169571.276,675020.7004,778823.5872,1127508.815,735417.0834,847032.4866,1220096.755,834085.2,961503.8,1241140.617,20220523,686899.2472,686899.2472,710229.7031,0,0,0.964036,1.0432,1.0611928
,2022/5/24,20220524,712810.2006,828303.8174,1177590.302,682409.264,794364.3522,1135239.444,744094.8674,864632.3932,1228462.203,844878.8,982672.8,1249650.35,20220524,689117.2448,689117.2449,716710.7481,0,0,0.964036,1.0432,1.0611928
,2022/5/25,20220525,720206.02,829653.047,1179519.62,689232.608,795343.7754,1137099.377,752106.4452,866388.7928,1230474.868,855036,985848.4,1251697.728,20220525,687783.803,687783.803,716886.0441,0,0,0.964036,1.0432,1.0611928
,2022/5/26,20220526,713304.445,800012.722,1137299.315,682360.6886,766585.7828,1094882.6,745200.1944,835746.272,1188250.325,848179.8,952121.4,1209471.42,20220526,688172.4008,688172.4009,704441.1781,2,-38973.843,0.962704,1.0448,1.0634592
,2022/5/27,20220527,716560.1058,809855.301,1151303.594,685194.3758,775695.4464,1107981.191,748892.0584,846350.6632,1203342.516,853411.8,965357,1225016.727,20220527,696429.0934,696429.0933,718365.554,1,2461.707,0.962371,1.0452,1.0640258
,2022/5/30,20220530,721283.1774,837969.487,1151303.594,689473.1924,802244.1082,1107597.807,754174.1338,876044.5046,1203803.038,860426.2,1000388.6,1225669.056,20220530,712625.9448,712625.9447,729213.3782,1,7428.492,0.962038,1.0456,1.0645924
,2022/5/31,20220531,718457.4564,836453.4716,1121224.81,686487.4988,800554.9096,1078287.506,751513.67,874894.2506,1172801.152,858411.4,1000124.2,1194282.698,20220531,719688.0678,719688.0679,731202.6592,1,-27685.083,0.961705,1.046,1.065159
,2022/6/1,20220601,745024.5894,877590.4018,1178121.841,711673.4468,839271.7956,1133005.666,779562.4382,917945.1782,1232315.446,891634.4,1051050.4,1254887.083,20220601,728357.4304,728357.4303,759126.2608,0,0,0.961705,1.046,1.065159
,2022/6/2,20220602,769377.5992,908987.4338,1233958.103,734634.0858,869032.3852,1185881.862,805343.9378,951230.24,1291707.342,922264.8,1090516.8,1315759.901,20220602,756909.0416,756909.0416,778563.4398,2,37082.123,0.961039,1.0468,1.0662922
,2022/6/6,20220606,759829.636,910040.6102,1233958.103,725244.8944,869695.4252,1185470.954,795709.689,952697.058,1292200.926,912264.4,1093514.4,1316459.061,20220606,756887.0912,756887.0912,772330.2118,3,1264.468,0.960706,1.0472,1.0668588
,2022/6/7,20220607,751987.786,883629.164,1233958.103,717438.5434,844170.5438,1185470.954,787814.8218,925420.0612,1292200.926,904274.4,1063457,1316459.061,20220607,763307.0076,763307.0075,766156.5991,0,0,0.960706,1.0472,1.0668588
,2022/6/8,20220608,731922.9618,860455.1386,1201532.995,698005.6526,821669.8026,1153519.737,767115.9318,901513.0792,1259206.579,881553,1037230.4,1283227.627,20220608,740739.0726,740739.0726,745572.3535,1,-66425.706,0.96004,1.048,1.067992
,2022/6/9,20220609,741716.355,883197.7246,1242967.108,707047.3162,843049.5676,1192884.234,777687.5644,925787.6182,1303126.716,894768.2,1066431.8,1328183.193,20220609,757397.5536,757397.5536,762007.7505,2,46538.896,0.959707,1.0484,1.0685586
,2022/6/10,20220610,748011.279,926947.9134,1306645.646,712545.525,884154.3464,1253561.86,784492.6324,972094.6744,1370409.954,903617.8,1121015.6,1396967.788,20220610,754427.0404,754427.0403,771617.4199,2,42160.012,0.959374,1.0488,1.0691252
,2022/6/13,20220613,766515.0702,955366.258,1306645.646,729832.774,910813.598,1253126.747,804218.9452,1002223.743,1370932.612,927493.2,1157126,1397708.133,20220613,754955.8938,754955.8937,786226.8838,2,-7867.721,0.959041,1.0492,1.0696918
,2022/6/14,20220614,750664.3338,951276.3722,1253161.36,714324.9536,906556.5526,1201415.821,787933.0686,998348.0514,1315318.163,909736.2,1154018,1341206.472,20220614,762875.381,762875.381,777728.5343,2,-6293.373,0.958708,1.0496,1.0702584
,2022/6/15,20220615,782349.5488,970615.2478,1278699.528,743988.3126,924636.8772,1225473.66,821389.832,1019050.322,1342634.504,949467.4,1179361.4,1369263.422,20220615,765939.8514,765939.8514,794111.9901,2,3057.564,0.958375,1.05,1.070825
,2022/6/16,20220616,783937.9644,1030143.876,1357327.344,745167.0194,980893.3944,1300376.603,823374.373,1081964.43,1425736.642,952898.2,1253664.4,1454229.115,20220616,787180.8954,787180.8954,810411.8742,2,91819.587,0.958042,1.0504,1.0713916
,2022/6/17,20220617,797007.6534,1059276.319,1387106.437,757301.8056,1008181.603,1328444.319,837410.1184,1112952.527,1457571.444,970357.2,1291145,1486920.119,20220617,802848.1568,802848.1568,819417.229,1,19887.906,0.957709,1.0508,1.0719582
,2022/6/20,20220620,786586.132,1049952.45,1387106.437,747103.6552,998890.86,1327982.412,826779.462,1103578.614,1458126.286,959178.8,1281795.4,1487706.054,20220620,797753.2824,797753.2824,811773.6201,3,-10561.87,0.957376,1.0512,1.0725248
,2022/6/21,20220621,803933.9708,1068161.322,1387106.437,763334.1184,1015877.822,1327520.506,845466.0096,1123217.435,1458681.129,981980.6,1306241,1488491.988,20220621,793089.6166,793089.6167,816930.995,4,20647.09,0.957043,1.0516,1.0730914
,2022/6/22,20220622,832231.426,1129613.302,1467268.006,789863.9356,1073980.028,1403749.974,875529.6184,1188401.35,1543565.942,1018062.4,1383657.4,1575344.033,20220622,817609.5684,817609.5683,853976.8874,2,69541.332,0.95671,1.052,1.073658
,2022/6/23,20220623,825145.3698,1116954.94,1468359.176,782918.4162,1061584.362,1404304.944,868300.2448,1175530.281,1545301.197,1011032.2,1370377.8,1577347.549,20220623,836654.9656,836654.9656,855318.5761,4,-18166.103,0.956377,1.0524,1.0742246
,2022/6/24,20220624,843679.6952,1110891.173,1441316.734,800166.981,1055375.428,1377962.216,888137.299,1169579.587,1517418.258,1035386.4,1365086.2,1549114.542,20220624,838465.487,838465.487,863888.6597,2,-2028.323,0.956044,1.0528,1.0747912
,2022/6/27,20220627,837136.2112,1130107.067,1433458.984,793702.6678,1073182.956,1369972.519,881637.558,1190203.96,1509719.002,1028985.8,1390840.4,1541481.299,20220627,841361.5468,841361.5468,867464.0501,1,-6829.45,0.955711,1.0532,1.0753578
,2022/6/28,20220628,815297.2524,1096675.079,1433458.984,772689.082,1041019.539,1369495.177,858941.5856,1155466.108,1510292.385,1003775.6,1351845.6,1542293.497,20220628,820077.6238,820077.6237,855582.8646,1,-67064.852,0.955378,1.0536,1.0759244
,2022/6/29,20220629,837185.9494,1123073.694,1484857.622,793148.9304,1065718.132,1418105.848,882396.5098,1183829.304,1565039.934,1032462.8,1386713.6,1598435.867,20220629,832502.6198,832502.6198,865860.9346,2,64345.299,0.955045,1.054,1.076491
,2022/6/30,20220630,838338.003,1148430.87,1518536.85,793737.704,1089384.236,1450271.026,883912.0308,1211102.088,1600537.84,1035454,1420363.6,1634691.252,20220630,824001.103,824001.103,875991.4331,0,0,0.955045,1.054,1.076491
2022/Q3,2022/7/1,20220701,873642.8676,1182144.639,1563293.385,826845.054,1120932.108,1491974.377,921501.74,1247238.145,1648961.862,1080785.4,1464494.2,1684642.783,20220701,839610.98,839610.9799,893256.4202,2,46815.823,0.954379,1.0548,1.0776242
,2022/7/4,20220704,854348.4172,1163151.56,1528873.737,808251.7378,1102449.75,1458615.873,901501.216,1227663.014,1613267.567,1058584.2,1443272.6,1648417.597,20220704,836766.378,836766.3779,878585.6639,2,-18854.067,0.954046,1.0552,1.0781908
,2022/7/5,20220705,852487.3904,1169883.125,1528873.737,806240.5276,1108411.294,1458106.758,899957.8078,1235253.99,1613879.116,1058041.6,1453977.4,1649283.857,20220705,830114.0852,830114.0852,882022.88,2,17857.574,0.953713,1.0556,1.0787574
,2022/7/6,20220706,846382.3432,1172367.231,1534833.263,800051.299,1110312.464,1463279.337,893840.4246,1238349.889,1620783.926,1052062.4,1459385.6,1656582.377,20220706,844018.4962,844018.4962,897946.1573,1,-10513.937,0.95338,1.056,1.079324
,2022/7/7,20220707,881814.3582,1164856.712,1621987.082,833167.7212,1102726.277,1545829.923,931578.1104,1230888.42,1713467.154,1097948.6,1452350.6,1751568.604,20220707,834507.2518,834507.2517,897724.5788,4,-8237.75,0.953047,1.0564,1.0798906
,2022/7/8,20220708,896129.409,1211076.087,1665357.107,846355.659,1145924.244,1586609.031,947052.6248,1280191.583,1759949.39,1117558.6,1512247.6,1799347.077,20220708,819632.16,819632.16,910985.3131,2,122941.721,0.952714,1.0568,1.0804572
,2022/7/11,20220711,877912.0664,1166320.966,1598374.576,828785.7934,1103155.788,1522261.578,928166.148,1233398.561,1689801.602,1096566,1458681.8,1727880.958,20220711,800437.1944,800437.1944,880826.2461,2,-75173.912,0.952381,1.0572,1.0810238
,2022/7/12,20220712,913802.1186,1197912.513,1640433.312,862219.5144,1132567.806,1561771.254,966389.484,1267323.579,1734922.271,1143075.6,1500579.2,1774276.922,20220712,813505.132,813505.132,888820.3274,2,16979.497,0.952048,1.0576,1.0815904
,2022/7/13,20220713,963285.281,1231450.969,1640433.312,908377.8502,1163888.327,1561224.99,1019375.937,1303401.983,1735578.444,1206828.6,1545063.6,1775206.392,20220713,834895.436,834895.436,908068.2673,2,3689.261,0.951715,1.058,1.082157
,2022/7/14,20220714,974193.1038,1216238.494,1640433.312,918301.5768,1149077.279,1560678.725,1031360.295,1287817.376,1736234.618,1222458,1528413.2,1776135.861,20220714,817518.7572,817518.7573,901013.4458,2,-23790.967,0.951382,1.0584,1.0827236
,2022/7/15,20220715,1009646.755,1268212.715,1709096.994,951328.5344,1197742.676,1625434.987,1069284.064,1343587.012,1809591.898,1268934.2,1596521.2,1851448.025,20220715,829309.8304,829309.8303,915894.9935,2,31174.983,0.951049,1.0588,1.0832902
,2022/7/18,20220718,1016180.051,1250103.303,1684585.785,957083.1786,1180157.617,1601562.659,1076613.256,1324917.384,1784313.264,1279204,1576178.2,1825849.758,20220718,814640.1688,814640.1687,915336.232,2,-24074.078,0.950716,1.0592,1.0838568
,2022/7/19,20220719,1039128.061,1312779.819,1769155.348,978279.4392,1238764.762,1681375.167,1101361.84,1391946.831,1874597.006,1310182.6,1657809.4,1918513.457,20220719,818860.8194,818860.8194,933693.2653,2,34450.682,0.950383,1.0596,1.0844234
,2022/7/20,20220720,1054916.19,1323332.502,1841153.527,992775.0462,1248204.347,1749801.013,1118532.429,1403639.793,1950886.278,1332223,1673710.8,1996589.968,20220720,814777.1606,814777.1605,930266.1016,0,0,0.950383,1.0596,1.0844234
,2022/7/21,20220721,1054068.932,1301315.807,1806584.058,991651.5968,1226974.289,1716946.776,1118006.611,1380782.979,1914256.467,1333327.8,1648372.8,1959102.026,20220721,810588.3912,810588.3912,912616.5243,0,0,0.950383,1.0596,1.0844234
,2022/7/22,20220722,1059254.209,1313320.7,1926324.962,996126.7852,1237772.787,1828822.097,1123908.054,1394046.556,2043445.519,1342044,1666222.6,2092226.232,20220722,800990.214,800990.214,907324.5938,4,12515.216,0.949384,1.0608,1.0861232
,2022/7/25,20220725,1043413.959,1332273.801,1954189.893,980840.4504,1255147.488,1854625.873,1107481.895,1414709.559,2073786.315,1324021,1693011,2123598.224,20220725,803498.1144,803498.1144,906388.3044,4,19801.689,0.949051,1.0612,1.0866898
,2022/7/26,20220726,1054269.21,1342239.907,1954189.893,990639.7406,1263945.85,1853975.127,1119575.511,1425876.983,2074567.991,1339921.8,1708325.8,2124705.468,20220726,803719.8798,803719.8799,913558.4842,2,-24385.812,0.948718,1.0616,1.0872564
,2022/7/27,20220727,1051581.601,1335568.951,1954189.893,987707.4558,1257180.994,1853975.127,1117127.3,1419371.402,2074567.991,1338652.4,1702548.2,2124705.468,20220727,801234.778,801234.778,924516.9072,0,0,0.948718,1.0616,1.0872564
,2022/7/28,20220728,1028408.736,1296191.614,1911650.75,965560.287,1219672.389,1813617.476,1092972,1378057.84,2029408.436,1311221,1654979.4,2078454.513,20220728,790724.9814,790724.9814,913623.2508,0,0,0.948718,1.0616,1.0872564
,2022/7/29,20220729,1034658.006,1300014.254,1929657.878,971041.2174,1222792.097,1828773.435,1100064.306,1382696.303,2050840.393,1321307.8,1662545,2101312.91,20220729,809450.9304,809450.9304,917384.6052,2,12531.046,0.947719,1.0628,1.0889562
,2022/8/1,20220801,1019246.927,1263835.698,1875722.75,956208.8908,1188270.615,1777033.473,1084126.224,1344733.115,1994268.428,1303714.2,1618699.6,2043642.703,20220801,793118.639,793118.639,899430.8298,2,-38854.101,0.947386,1.0632,1.0895228
,2022/8/2,20220802,1004282.487,1245181.119,1847928.577,941994.9638,1170351.336,1750086.303,1068835.774,1325401.035,1965456.834,1286513.8,1597520.8,2014407.354,20220802,778359.4942,778359.4942,882146.99,2,-312.07,0.947053,1.0636,1.0900894
,2022/8/3,20220803,1000660.885,1264667.125,1907230.449,938212.8584,1188207.041,1806248.319,1065385.818,1346705.93,2028530.306,1283895.6,1625145.8,2079051.696,20220803,781887.7978,781887.7978,886671.5432,0,0,0.947053,1.0636,1.0900894
,2022/8/4,20220804,1019204.317,1277145.318,1904880.549,955427.4814,1199454.627,1802754.188,1085806.557,1360538.878,2027554.857,1310201.4,1643792.8,2078648.706,20220804,794555.162,794555.162,902851.8211,1,-1648.194,0.946387,1.0644,1.0912226
,2022/8/5,20220805,1028143.189,1319532.951,1916621.223,963431.295,1238809.437,1813227.175,1095722.935,1406287.753,2040818.279,1323720.6,1701173,2092546.352,20220805,792198.5114,792198.5114,910329.7284,1,8234.556,0.946054,1.0648,1.0917892
,2022/8/8,20220808,1068093.604,1328673.638,1898995.946,1000672.591,1246806.23,1795920.345,1139090.576,1416510.165,2022810.482,1377737.6,1715613.8,2074379.236,20220808,797845.3024,797845.3024,918046.2799,1,61374.666,0.945721,1.0652,1.0923558
,2022/8/9,20220809,1100088.77,1306300.537,1866988.092,1030205.163,1225330.943,1765649.845,1173641.323,1393252.917,1988715.715,1421244.4,1689421.4,2039415.271,20220809,787110.2938,787110.2939,915574.2562,0,0,0.945721,1.0652,1.0923558
,2022/8/10,20220810,1115860.912,1330343.222,1920448.408,1044552.258,1247316.638,1814929.371,1190970.571,1419450.799,2047198.003,1443982.8,1723220.6,2099989.21,20220810,805722.3038,805722.3039,922392.5911,2,25693.014,0.945055,1.066,1.093489
,2022/8/11,20220811,1152226.8,1306924.892,1893993.421,1078218.153,1224865.788,1789297.253,1230052.116,1395064.497,2019754.584,1493512.6,1695623.6,2072134.109,20220811,796631.3392,796631.3391,905773.7506,2,-17310.495,0.944722,1.0664,1.0940556
,2022/8/12,20220812,1145383.375,1369715.645,1929964.339,1071395.295,1283449.76,1822637.093,1223245.234,1462599.988,2058885.957,1487017.8,1779917,2112581.811,20220812,804837.4386,804837.4385,907078.8191,4,68296.204,0.944389,1.0668,1.0946222
,2022/8/15,20220815,1134053.181,1339281.391,1916977.12,1060356.81,1254386.748,1810372.105,1211581.27,1430638.009,2045031.192,1474657.4,1743067,2098365.713,20220815,808613.7358,808613.7358,898925.3865,0,0,0.944389,1.0668,1.0946222
,2022/8/16,20220816,1128872.287,1341725.979,1982592.098,1055049.713,1256149.475,1871017.762,1206487.459,1433817.394,2116615.323,1470242.8,1749045.6,2172435.997,20220816,822372.2986,822372.2985,895225.5619,2,-4906.731,0.943723,1.0676,1.0957554
,2022/8/17,20220817,1164402.384,1386559.793,2083932.525,1087749.991,1297589.478,1965961.105,1245003.544,1482257.048,2225639.936,1518917.6,1810426,2284661.073,20220817,821740.7166,821740.7166,892133.2715,2,113259.778,0.94339,1.068,1.096322
,2022/8/18,20220818,1152993.9,1350690.683,2083932.525,1076657.791,1263482.691,1965267.155,1233294.52,1444501.072,2226473.509,1506412.8,1766401.4,2285841.83,20220818,809411.3188,809411.3189,879807.8322,4,-41248.794,0.943057,1.0684,1.0968886
,2022/8/19,20220819,1169795.098,1349529.123,2063967.517,1091918.439,1261994.161,1946439.014,1251749.501,1443797.229,2205142.895,1530807.4,1767490.6,2263942.44,20220819,822659.7634,822659.7634,883250.2,0,0,0.943057,1.0684,1.0968886
,2022/8/22,20220822,1155917.753,1343056.469,2053536.596,1078542.498,1255441.551,1935234.406,1237150.424,1437479.395,2195641.329,1514734.4,1761846.4,2254827.95,20220822,823028.315,823028.3149,879249.7443,4,-7445.503,0.942391,1.0692,1.0980218
,2022/8/23,20220823,1089861.466,1320123.457,2000341.931,1016483.768,1233456.119,1884438.119,1166874.89,1413486.512,2139565.729,1430413.4,1734522.8,2197552.441,20220823,793040.4552,793040.4552,857858.9874,2,-15929.38,0.942058,1.0696,1.0985884
,2022/8/24,20220824,1124132.203,1393325.636,2126263.063,1048028.82,1301305.067,2002355.083,1204141.116,1492473.562,2275101.477,1477780.8,1833645.8,2337092.676,20220824,789550.2842,789550.2842,854596.0715,2,24028.67,0.941725,1.07,1.099155
,2022/8/25,20220825,1123534.693,1374760.318,2088854.849,1046904.664,1283590.916,1967126.833,1203816.622,1473211.842,2235074.688,1479162.8,1812216.4,2295975.252,20220825,781542.6652,781542.6652,851997.8564,0,0,0.941725,1.07,1.099155
,2022/8/26,20220826,1137347.278,1440583.825,2033100.747,1059316.222,1344728.805,1914621.801,1219116.141,1544421.01,2175417.799,1499751.2,1902269.4,2234692.852,20220826,778633.7634,778633.7634,852807.457,0,0,0.941725,1.07,1.099155
,2022/8/29,20220829,1160496.823,1441067.874,2033792.402,1080438.421,1344647.579,1913241.391,1244366.783,1545555.251,2178598.421,1532776.4,1905965,2238910.128,20220829,773185.663,773185.663,852620.1672,4,527.309,0.940726,1.0712,1.1008548
,2022/8/30,20220830,1133029.802,1402049.234,1978629.32,1054472.369,1307741.995,1860689.162,1215408.239,1504329.448,2120299.179,1498827.8,1857322.8,2179304.676,20220830,760822.4242,760822.4242,846690.3342,2,-67032.884,0.940393,1.0716,1.1014214
,2022/8/31,20220831,1137425.831,1405258.577,1956653.909,1058172.023,1310204.42,1839372.074,1220650.72,1508370.572,2097532.991,1507217.6,1864538.2,2156209.128,20220831,749988.313,749988.3129,847303.2673,2,-13961.386,0.94006,1.072,1.101988
,2022/9/1,20220901,1139626.96,1377933.342,1925984.34,1059795.096,1284193.64,1810540.839,1223514.73,1479606.795,2064655.213,1512549.8,1831160.2,2122411.631,20220901,749730.317,749730.3169,850354.7853,0,0,0.94006,1.072,1.101988
,2022/9/2,20220902,1136173.845,1347960.652,1878924.84,1056193.875,1255767.399,1766302.085,1220250.43,1447970.541,2014207.428,1510390.8,1794192.8,2070552.626,20220902,751251.5198,751251.5197,849764.944,0,0,0.94006,1.072,1.101988
,2022/9/5,20220905,1160826.545,1367688.589,1913140.129,1078703.241,1273652.763,1796555.282,1247260.029,1469684.064,2053181.986,1545725,1823288.8,2111509.42,20220905,751959.1986,751959.1987,857005.9885,1,26762.372,0.939061,1.0732,1.1036878
,2022/9/6,20220906,1205010.921,1392760.666,1968857.714,1119307.652,1296485.385,1848221.864,1295439.431,1497267.086,2113765.642,1607300.4,1859815.8,2174119.794,20220906,760875.1788,760875.1789,867695.2858,2,8077.466,0.938728,1.0736,1.1042544
,2022/9/7,20220907,1196362.03,1358555.949,1927292.92,1110852.201,1264177.412,1808562.039,1286531.904,1461094.707,2069912.596,1598181,1817089.4,2129313.691,20220907,746717.5744,746717.5744,858780.8433,2,-31761.296,0.938395,1.074,1.104821
,2022/9/8,20220908,1218679.73,1347076.995,1910209.834,1131185.244,1252704.174,1791895.257,1311132.253,1449035.58,2052329.446,1630685.4,1803821,2111522.264,20220908,754166.829,754166.829,867883.2256,4,-13053.007,0.938062,1.0744,1.1053876
,2022/9/9,20220909,1186556.16,1341942.748,1902887.968,1100981.361,1247445.744,1784393.231,1277155.34,1444064.922,2045223.988,1590280.2,1799811,2104506.94,20220909,754868.2042,754868.2041,860447.1591,4,-5594.853,0.937729,1.0748,1.1059542
,2022/9/13,20220913,1220067.948,1350189.344,1876544.265,1131565.331,1254663.023,1759065.087,1313952.189,1453383.024,2017660.393,1637804.2,1813583.4,2076435.261,20220913,741005.0496,741005.0495,865766.0988,4,8801.191,0.937396,1.0752,1.1065208
,2022/9/14,20220914,1174743.886,1307911.092,1838327.857,1089071.777,1214857.91,1723241.18,1265625.531,1408432.873,1976570.112,1579423.2,1759567,2034148.011,20220914,717425.5278,717425.5279,835507.1782,0,0,0.937396,1.0752,1.1065208
,2022/9/15,20220915,1168862.466,1316630.304,1882848.997,1083239.431,1222564.879,1763721.141,1259739.248,1418272.17,2025945.521,1574018.2,1774052,2085545.223,20220915,700606.2038,700606.2038,828591.2675,2,32974.515,0.93673,1.076,1.107654
,2022/9/16,20220916,1097572.42,1310999.595,1802232.69,1016787.913,1216860.505,1687605.284,1183158.304,1412764.55,1939923.267,1479933.4,1769284.8,1997271.393,20220916,695557.6354,695557.6355,814364.6824,2,-42426.949,0.936397,1.0764,1.1082206
,2022/9/19,20220919,1105985.987,1338507.156,1778599.196,1024158.796,1241890.03,1664882.678,1192696.185,1442996.796,1915195.615,1493662.6,1809320,1972088.023,20220919,700437.6678,700437.6678,827271.0315,4,30523.761,0.936064,1.0768,1.1087872
,2022/9/20,20220920,1061732.886,1320155.62,1754136.242,982779.4256,1224375.833,1641399.66,1145390.39,1423743.307,1889555.56,1436072.8,1787327.6,1945957.706,20220920,689954.2172,689954.2173,808796.3348,4,-20410.362,0.935731,1.0772,1.1093538
,2022/9/21,20220921,1074767.111,1339049.98,1785691.409,994375.9998,1241409.963,1670332.173,1159871.699,1444695.64,1924261.062,1455808.6,1815804.6,1981975.323,20220921,686363.6956,686363.6955,822192.1798,4,20975.329,0.935398,1.0776,1.1099204
,2022/9/22,20220922,1029581.871,1305114.011,1718389.224,952197.3576,1209496.627,1606805.62,1111514.348,1408649.475,1852423.583,1396786.4,1772610.6,1908248.894,20220922,681761.627,681761.6269,800070.4324,2,-41877.626,0.935065,1.078,1.110487
,2022/9/23,20220923,1015257.5,1326246.02,1722324.19,938575.4778,1228565.617,1609911.535,1096473.801,1432043.928,1857354.406,1379517.6,1804206.8,1913594.492,20220923,687416.8396,687416.8396,800868.5973,1,53637.5,0.934732,1.0784,1.1110536
,2022/9/26,20220926,1077616.661,1375809.884,1746889.988,995801.3544,1273907.738,1632292.258,1164133.096,1486131.245,1884544.919,1466431.8,1874598.8,1941878.198,20220926,702700.1782,702700.1782,822696.5145,1,35734.375,0.934399,1.0788,1.1116202
,2022/9/27,20220927,1024751.419,1313295.052,1636373.217,946684.683,1215554.256,1528480.585,1107533.309,1419266.637,1765973.975,1396793.4,1792249.4,1819952.691,20220927,684648.5134,684648.5134,799935.8754,1,-96922.188,0.934066,1.0792,1.1121868
,2022/9/28,20220928,1031149.376,1306567.937,1627965.695,952245.0512,1208835.555,1520085.292,1114934.346,1412554.19,1757551.765,1407759.6,1785913.8,1811524.362,20220928,690326.3034,690326.3035,809678.6431,2,-8689.094,0.933733,1.0796,1.1127534
,2022/9/29,20220929,1031149.376,1306567.937,1627965.695,952245.0512,1208835.555,1520085.292,1114934.346,1412554.19,1757551.765,1407759.6,1785913.8,1811524.362,,677288.1106,677288.1106,809678.6431,0,0,0.933733,1.0796,1.1127534
,2022/9/30,20220930,1026658.034,1258712.474,1583977.237,947790.2848,1164090.564,1477956.889,1110589.347,1361235.386,1711329.007,1403892.2,1723128,1764371.02,20220930,661676.6196,661676.6196,789789.3268,4,-52475.455,0.933067,1.0804,1.1138866
2022/Q4,2022/10/10,20221010,1052426.839,1330087.705,1673199.54,971380.5606,1229448.383,1560650.099,1139092.759,1438692.297,1808394.062,1441617.6,1823391.6,1864702.581,20221010,669254.802,669254.802,803199.6581,2,55334.838,0.932734,1.0808,1.1144532
,2022/10/11,20221011,1096668.495,1382449.276,1722445.448,1012118.953,1277345.005,1606009.858,1187809.071,1496276.081,1862308.019,1505088.6,1898399.2,1920560.779,20221011,693331.2434,693331.2435,819852.9998,4,56730.475,0.932401,1.0812,1.1150198
,2022/10/12,20221012,1095110.471,1379842.514,1719190.881,1010241.136,1274417.353,1602402.806,1186628.394,1494074.335,1859476.857,1505398.8,1897858.2,1917905.966,20221012,695505.5302,695505.5302,831425.9635,1,-1716.531,0.932068,1.0816,1.1155864
,2022/10/13,20221013,1102337.818,1396944.455,1729604.051,1016557.966,1289705.972,1611532.631,1194965.735,1513195.649,1871431.583,1517802.2,1924471.6,1930502.75,20221013,720209.8866,720209.8867,848814.9199,1,8990.299,0.931735,1.082,1.116153
,2022/10/14,20221014,1128352.347,1436893.976,1740683.196,1040137.659,1326081.841,1621855.457,1223623.301,1557149.208,1883419.218,1556086.2,1982724.4,1942868.771,20221014,720436.0326,720436.0326,857639.7414,0,0,0.931735,1.082,1.116153
,2022/10/17,20221017,1172568.7,1460832.421,1796260.86,1080451.636,1347642.963,1672442.802,1272007.928,1583741.766,1944991.259,1619649.2,2019003.6,2006937.47,20221017,723946.7174,723946.7174,873896.1445,4,24908.713,0.931069,1.0828,1.1172862
,2022/10/18,20221018,1187707.508,1457445.626,1799279.623,1093958.524,1343967.727,1674654.319,1288929.912,1580700.235,1948979.687,1643191.6,2017528,2011329.764,20221018,717730.9108,717730.9109,878307.5496,4,-3546.887,0.930736,1.0832,1.1178528
,2022/10/19,20221019,1202191.88,1466898.593,1779484.666,1106836.933,1352168.427,1656230.44,1305200.068,1591635.136,1927537.79,1665954.4,2034009.8,1989201.917,20221019,710547.8598,710547.8599,866675.24,0,0,0.930736,1.0832,1.1178528
,2022/10/20,20221020,1199170.603,1432589.775,1744206.342,1103425.592,1320006.294,1622233.992,1302272.059,1555014.252,1890719.675,1663995.2,1989588.8,1951742.478,20221020,708595.985,708595.9849,864318.3385,2,-30027.43,0.93007,1.084,1.118986
,2022/10/21,20221021,1174637.702,1407243.912,1722280.815,1080446.747,1296143.428,1601268.198,1276168.164,1528088.372,1867641.316,1632560.6,1957486.8,1928183.964,20221021,691331.7524,691331.7524,860805.4629,2,-18661.988,0.929737,1.0844,1.1195526
,2022/10/24,20221024,1169073.538,1399377.203,1674385.995,1074921.103,1288384.167,1556181.041,1270648.481,1520152.867,1816373.928,1627419.8,1949663.6,1875511.901,20221024,684726.7688,684726.7688,857505.5293,1,-40766.149,0.929404,1.0848,1.1201192
,2022/10/25,20221025,1197886.21,1450365.208,1712794.959,1100952.524,1334817.464,1591308.125,1302320.119,1576177.074,1858725.09,1670040.6,2023974.4,1919504.989,20221025,701970.243,701970.243,874681.1791,1,32692.075,0.929071,1.0852,1.1206858
,2022/10/26,20221026,1173955.836,1376111.987,1624861.963,1078633.621,1265954.965,1509071.05,1276735.453,1495963.16,1763950.147,1639248.6,1923229.6,1821880.376,20221026,691420.3322,691420.3322,871505.0647,4,-74834.985,0.928738,1.0856,1.1212524
,2022/10/27,20221027,1127428.284,1340833.758,1624861.963,1035449.694,1232956.855,1508529.971,1226578.261,1458140.516,1764600.092,1576710.4,1876847.6,1822801.023,20221027,665748.5868,665748.5867,857610.9443,2,-12546.958,0.928405,1.086,1.121819
,2022/10/28,20221028,1134100.517,1343177.848,1630075.566,1041124.809,1234630.411,1512827.491,1234292.624,1461300.268,1770914.095,1588552.4,1883145.4,1829573.342,20221028,670047.3254,670047.3253,861391.0644,2,4397.431,0.928072,1.0864,1.1223856
,2022/10/31,20221031,1154812.248,1404912.724,1666167.938,1059684.441,1290851.017,1545768.976,1257318.626,1529038.323,1810791.315,1620166.6,1972824,1871026.951,20221031,691505.591,691505.5909,879614.74,4,63245.719,0.927739,1.0868,1.1229522
,2022/11/1,20221101,1155441.399,1480531.159,1741559.803,1059839.873,1359823.173,1615133.011,1258507.341,1612058.016,1893423.818,1623645.4,2082284.6,1956675.18,20221101,702797.1858,702797.1857,894013.2542,4,77573.124,0.927406,1.0872,1.1235188
,2022/11/2,20221102,1151248.417,1498308.886,1763153.452,1055559.195,1375613.025,1634571.96,1254448.554,1632078.142,1917605.695,1620310,2110680.6,1981935.054,20221102,702844.976,702844.9759,895454.1997,4,18234.436,0.927073,1.0876,1.1240854
,2022/11/3,20221103,1169501.081,1536767.87,1796596.973,1071841.168,1410360.819,1664978.279,1274862.921,1674622.082,1954697.507,1648673.8,2168275.2,2020546.379,20221103,725066.8256,725066.8255,912838.8276,1,38875.682,0.92674,1.088,1.124652
,2022/11/4,20221104,1161483.571,1526349.711,1796596.973,1064092.283,1400236.088,1664380.012,1266607.756,1663981.489,1955416.146,1640030,2157023.6,2021564.331,20221104,726081.919,726081.9191,906948.1415,1,-8814.641,0.926407,1.0884,1.1252186
,2022/11/7,20221107,1157059.464,1534947.571,1806747.004,1059609.885,1407563.188,1673181.425,1262281.7,1674014.128,1967186.138,1636393.6,2172654,2034009.037,20221107,719476.7518,719476.7519,901808.7498,1,-25838.377,0.926074,1.0888,1.1257852
,2022/11/8,20221108,1195185.577,1544402.802,1778533.254,1094106.665,1415663.569,1646461.153,1304418.19,1684995.054,1937178.42,1693040.2,2189525.6,2003254.132,20221108,709684.6732,709684.6733,904810.2492,1,-17494.569,0.925741,1.0892,1.1263518
,2022/11/9,20221109,1167718.143,1522613.341,1753686.808,1068547.878,1395137.892,1623459.779,1275004.121,1661874.472,1910115.671,1656804.4,2162084.4,1975268.293,20221109,697188.5456,697188.5456,886966.2697,0,0,0.925741,1.0892,1.1263518
,2022/11/10,20221110,1159676.688,1513718.184,1665550.575,1060775.164,1386433.828,1541868.455,1266722.163,1652845.78,1814117.686,1648007.6,2152933.8,1875995.888,20221110,711431.4104,711431.4104,882175.9057,0,0,0.925741,1.0892,1.1263518
,2022/11/11,20221111,1156712.682,1497200.488,1637065.672,1057639.933,1370783.533,1513863.384,1263988.131,1635447.612,1785056.409,1646420,2132840.8,1846694.551,20221111,702513.6176,702513.6176,876867.0858,2,-46635.658,0.924742,1.0904,1.1280516
,2022/11/14,20221114,1180968.072,1543360.116,1687638.14,1079372.971,1412464.215,1560067.885,1291015.792,1686457.085,1840875.683,1683642.8,2202031.8,1904699.12,20221114,719220.7964,719220.7965,898935.4047,4,45536.035,0.924409,1.0908,1.1286182
,2022/11/15,20221115,1145185.683,1522266.722,1664502.943,1046225.035,1392554.26,1538127.221,1252393.278,1664042.341,1816305.611,1635221.2,2175433.4,1879531.422,20221115,710682.9264,710682.9264,881802.7183,1,-11371.38,0.924076,1.0912,1.1291848
,2022/11/16,20221116,1142885.408,1520362.238,1662411.128,1043700.548,1390256.285,1535640.642,1250366.934,1662633.196,1814687.987,1634525.8,2176179.6,1878111.299,20221116,705630.6814,705630.6815,885851.9506,1,-4942.644,0.923743,1.0916,1.1297514
,2022/11/17,20221117,1140776.937,1517615.035,1662411.128,1041402.136,1387171.268,1535087.059,1248590.534,1660254.671,1815352.951,1634221.2,2175702.8,1879053.221,20221117,706772.392,706772.3919,884259.0616,1,-44579.7,0.92341,1.092,1.130318
,2022/11/18,20221118,1153310.9,1550896.899,1647902.663,1052307.536,1417026.663,1521141.046,1262710.797,1697351.804,1800168.869,1654727.4,2226965,1863587.743,20221118,706032.4012,706032.4012,902133.2546,2,60085.042,0.923077,1.0924,1.1308846
,2022/11/21,20221121,1140772.797,1529106.523,1636402.954,1040458.708,1396563.398,1509981.007,1249495.04,1674216.873,1788261.148,1639365,2199189.6,1851510.086,20221121,693084.473,693084.473,890043.0876,2,-10598.249,0.922744,1.0928,1.1314512
,2022/11/22,20221122,1151879.587,1537142.227,1701060.053,1050173.861,1403317.551,1569076.505,1262202.709,1683667.995,1859598.85,1658016.6,2214270.6,1925630.259,20221122,692121.7786,692121.7787,889021.7196,2,59589.838,0.922411,1.0932,1.1320178
,2022/11/23,20221123,1200422.273,1553626.87,1719309.866,1094016.887,1417796.713,1585337.803,1315936.878,1702390.787,1880237.27,1730749.2,2241591.2,1947263.533,20221123,690687.7024,690687.7024,907152.2744,4,16819.511,0.922078,1.0936,1.1325844
,2022/11/24,20221124,1148488.739,1486402.168,1644841.485,1046251.623,1355897.601,1516124.414,1259509.646,1629361.327,1799456.584,1658475.2,2147988.6,1863853.773,20221124,682938.877,682938.877,868132.0811,3,-68632.254,0.921745,1.094,1.133151
,2022/11/25,20221125,1137918.082,1492541.022,1723233.977,1036208.025,1360963.441,1587808.466,1248419.273,1636752.802,1885907.265,1645839,2160327,1953660.689,20221125,679805.5534,679805.5535,868275.8428,1,72248.592,0.921412,1.0944,1.1337176
,2022/11/28,20221128,1148379.795,1519183.184,1773068.276,1045329.914,1384634.171,1633135.954,1260420.068,1666638.594,1941155.148,1663637.8,2202444.6,2011163.331,20221128,691916.9692,691916.9692,882764.903,1,45928.58,0.921079,1.0948,1.1342842
,2022/11/29,20221129,1138046.118,1500926.439,1731412.831,1035513.336,1367476.022,1594191.438,1249564.756,1647306.546,1896243.332,1651267.4,2179484,1964895.236,20221129,693538.1306,693538.1307,871382.5072,1,-38390.547,0.920746,1.0952,1.1348508
,2022/11/30,20221130,1156561.11,1488810.33,1703086.369,1051946.31,1355890.096,1567542.834,1270375.816,1634661.077,1865901.426,1680729.8,2165346.8,1933713.897,20221130,704134.0062,704134.0062,878360.861,1,-24869.864,0.920413,1.0956,1.1354174
,2022/12/1,20221201,1169483.049,1505467.011,1697042.234,1063279.487,1370595.195,1561979.734,1285162.715,1653671.015,1859279.471,1702369.8,2193219.8,1926851.281,20221201,704755.0524,704755.0524,888184.4084,0,0,0.920413,1.0956,1.1354174
,2022/12/2,20221202,1191393.655,1498453.833,1689046.922,1082762.162,1363595.432,1553495.839,1309792.113,1646612.473,1851871.045,1737052.6,2186458,1919687.293,20221202,702906.48,702906.4799,887139.6228,4,-7400.363,0.919747,1.0964,1.1365506
,2022/12/5,20221205,1185546.287,1491092.319,1667933.941,1077013.709,1356353.022,1533521.816,1303880.661,1639179.751,1829389.946,1731293,2179205,1896636.373,20221205,707677.809,707677.8091,882790.9289,2,-19542.948,0.919414,1.0968,1.1371172
,2022/12/6,20221206,1220007.992,1485296.667,1657273.859,1107824.331,1350544.675,1523168.916,1342285.642,1633470.739,1818360.878,1784422,2174216.8,1885453.621,20221206,713806.299,713806.2989,894092.128,2,-4517.956,0.919081,1.0972,1.1376838
,2022/12/7,20221207,1228563.01,1495715.051,1637601.186,1115151.375,1359468.695,1504542.814,1352219.594,1645579.988,1797431.061,1799813.6,2192979.2,1864000.205,20221207,713134.6072,713134.6072,900115.8044,1,-18273.395,0.918748,1.0976,1.1382504
,2022/12/8,20221208,1234831.593,1503367.71,1672820.332,1120430.019,1365813.45,1536343.286,1359652.129,1654676.216,1836756.725,1811885.2,2207708,1905036.232,20221208,715730.4172,715730.4172,904549.6608,1,32713.875,0.918415,1.098,1.138817
,2022/12/9,20221209,1262422.76,1510820.512,1672820.332,1144979.492,1372025.86,1535786.236,1390556.897,1663641.934,1837425.853,1855323.8,2222346.4,1905984.052,20221209,710069.7052,710069.7053,910043.4882,1,22009.582,0.918082,1.0984,1.1393836
,2022/12/12,20221212,1245897.192,1523754.048,1687172.395,1129539.205,1383223.192,1548962.607,1372901.265,1678583.89,1853190.159,1833975.6,2244985.4,1922336.558,20221212,702572.7894,702572.7893,914310.6176,0,0,0.918082,1.0984,1.1393836
,2022/12/13,20221213,1245492.062,1548318.123,1714391.28,1128715.839,1404931.73,1572809.991,1373010.735,1706319.898,1884458.895,1836327,2284820.6,1955292.057,20221213,700158.7492,700158.7492,910174.5288,2,3316.642,0.917416,1.0992,1.1405168
,2022/12/14,20221214,1298862.662,1617154.495,1812724.977,1176618.157,1466576.596,1662419.261,1432392.824,1782968.865,1993272.385,1918055,2389899.8,2068470.381,20221214,709326.628,709326.6279,931735.7073,2,90576.853,0.917083,1.0996,1.1410834
,2022/12/15,20221215,1313938.872,1610022.083,1832174.771,1189790.389,1459526.428,1679646.222,1449583.652,1775802.337,2015392.249,1943428.2,2383164,2091702.328,20221215,701805.6376,701805.6377,935953.1714,4,-7376.924,0.91675,1.1,1.14165
,2022/12/16,20221216,1318157.994,1591724.129,1863351.265,1193123.579,1442356.599,1707606.776,1454818.196,1756329.381,2050431.732,1952815.4,2359856.8,2128350.747,20221216,693803.6498,693803.6498,938451.2834,1,28286.717,0.916417,1.1004,1.1422166
,2022/12/19,20221219,1301942.383,1562242.805,1766087.973,1177981.638,1415069.002,1617884.934,1437501.855,1724482.568,1944109.64,1931877,2319839.6,2018255.665,20221219,683179.4346,683179.4345,930364.8431,1,-88248.022,0.916084,1.1008,1.1427832
,2022/12/20,20221220,1276221.503,1531395.772,1766087.973,1154277.803,1386552.836,1617296.827,1409671.172,1691085.336,1944816.076,1896740.6,2277659.6,2019256.33,20221220,681070.4596,681070.4596,912051.4397,1,-27278.971,0.915751,1.1012,1.1433498
,2022/12/21,20221221,1253317.041,1503914.4,1734379.646,1133112.715,1361132.227,1587682.346,1384928.906,1661401.338,1910592.618,1865681.8,2240362.4,1983985.32,20221221,678581.147,678581.1471,895715.8753,2,-28279.511,0.915418,1.1016,1.1439164
,2022/12/22,20221222,1238225.333,1485757.821,1713354.336,1118961.828,1344154.089,1567864.852,1368708.709,1642004.805,1888116.478,1846031.2,2216833.8,1960904.91,20221222,675870.2154,675870.2154,885196.2294,4,-18751.307,0.915085,1.102,1.144483
,2022/12/23,20221223,1263756.343,1484124.516,1712885.88,1141592.358,1342145.791,1566865.784,1397532.443,1640853.982,1888285.394,1887153.2,2217928,1961339.291,20221223,689228.7902,689228.7902,911029.2218,4,-1686.027,0.914752,1.1024,1.1450496
,2022/12/26,20221226,1265435.254,1495248.205,1719761.319,1142655.533,1351683.968,1572582.425,1399953.078,1653787.211,1896552.782,1892696.2,2238129.8,1970186.427,20221226,697522.2802,697522.2802,915722.3979,2,6126.874,0.914419,1.1028,1.1456162
,2022/12/27,20221227,1251254.713,1478366.028,1702650.965,1129409.747,1335892.65,1556369.41,1384820.561,1635761.823,1878364.545,1874487.2,2216381.8,1951549.251,20221227,691231.3268,691231.3268,903143.7903,2,-15247.444,0.914086,1.1032,1.1461828
,2022/12/28,20221228,1257879.025,1485864.889,1711335.336,1134941.721,1342116.27,1563737.797,1392714.991,1644762.933,1888629.676,1887473.8,2231264,1962472.769,20221228,694509.1458,694509.1457,909494.5148,1,-28747.912,0.913753,1.1036,1.1467494
,2022/12/29,20221229,1243103.932,1468445.004,1691235.594,1121155.831,1325878.352,1544808.417,1376882.476,1626142.769,1867124.096,1868245,2208610.6,1940381.657,20221229,693725.0448,693725.0449,898820.6107,1,-16984.612,0.91342,1.104,1.147316
,2022/12/30,20221230,1276711.35,1514832.824,1744696.329,1151003.202,1367154.817,1593059.537,1414673.24,1678176.386,1926842.625,1921909.2,2281983,2002706.558,20221230,696568.6238,696568.6239,928002.2029,4,46515.719,0.913087,1.1044,1.1478826
2023/Q1,2023/1/3,20230103,1246030.346,1501502.571,1730816.487,1122949.018,1354507.071,1579809.672,1381204.987,1664005.222,1912206.055,1878561.4,2265473.4,1987754.81,20230103,690260.4984,690260.4984,921869.7821,4,-13446.542,0.912754,1.1048,1.1484492
,2023/1/4,20230104,1261027.849,1519575.112,1734413.601,1136012.144,1370273.871,1582515.392,1398403.907,1684706.852,1916873.912,1904240.6,2296428.6,1992868.632,20230104,709266.8212,709266.8212,933063.5097,2,3127.026,0.912421,1.1052,1.1490158
,2023/1/5,20230105,1245147.807,1484948.284,1667357.189,1121222.453,1338563.1,1520776.483,1381287.018,1646942.882,1843430.108,1883170.6,2247714.6,1916764.478,20230105,715960.1722,715960.1722,918401.9591,2,-42382.977,0.912088,1.1056,1.1495824
,2023/1/6,20230106,1262809.591,1546274.791,1667357.189,1136670.767,1393337.683,1520221.253,1401443.506,1715808.993,1844097.05,1912955,2344453.2,1917709.203,20230106,721335.6012,721335.6012,936820.0341,1,42930.445,0.911755,1.106,1.150149
,2023/1/9,20230109,1268824.297,1573649.109,1667357.189,1141607.211,1417451.181,1519666.023,1408673.959,1746891.568,1844763.993,1925131.8,2389791,1918653.928,20230109,731266.9498,731266.9497,944826.751,1,53358.167,0.911422,1.1064,1.1507156
,2023/1/10,20230110,1233314.091,1529564.978,1606891.785,1109218.636,1377155.268,1464021.43,1369761.482,1698604.7,1778507.828,1874176,2326559.6,1849985.91,20230110,722969.2636,722969.2637,918473.5695,4,-43814.654,0.911089,1.1068,1.1512822
,2023/1/11,20230111,1232615.854,1554727.64,1633340.331,1108153.746,1399248.215,1487574.506,1369534.54,1727230.187,1808434.414,1876120.4,2368629.8,1881361.1,20230111,726659.2988,726659.2988,926285.9648,2,51653.477,0.910756,1.1072,1.1518488
,2023/1/12,20230112,1237784.241,1546576.332,1624746.491,1112359.07,1391350.361,1479206.574,1375819.185,1718845.139,1799569.213,1887008,2359982.8,1872382.877,20230112,736884.1218,736884.1218,933705.4007,2,-28436.929,0.910423,1.1076,1.1524154
,2023/1/13,20230113,1233579.772,1555694.048,1648469.734,1108080.358,1399037.845,1500804.761,1371713.598,1729691.273,1825845.078,1883552.8,2377868.2,1899721.908,20230113,750585.7452,750585.7451,932238.4582,0,0,0.910423,1.1076,1.1524154
,2023/1/16,20230116,1225208.479,1550873.246,1666983.424,1100133.549,1394137.761,1517660.05,1362928.024,1725042.086,1846350.841,1873742.8,2374289.2,1921057.37,20230116,752357.1274,752357.1275,929951.1638,0,0,0.910423,1.1076,1.1524154
,2023/1/17,20230117,1223005.034,1546934.577,1635174.969,1097707.718,1390080.836,1487067.361,1361037.332,1721376.952,1813082.006,1873371.4,2372042.6,1887180.287,20230117,751855.3052,751855.3053,921739.2763,4,-3903.423,0.909424,1.1088,1.1541152
,2023/1/18,20230118,1224873.687,1547427.929,1635174.969,1098968.208,1389984.265,1486522.848,1363697.917,1722635.765,1813736.076,1879238.2,2376627.6,1888106.777,20230118,759982.8612,759982.8611,926608.9108,4,508.964,0.909091,1.1092,1.1546818
,2023/1/19,20230119,1208237.346,1547626.889,1635362.551,1083640.845,1389588.19,1486148.801,1345728.822,1723552.42,1814598.287,1856681.8,2380726.2,1889249.97,20230119,764263.8446,764263.8446,922761.6737,4,176.658,0.908758,1.1096,1.1552484
,2023/1/20,20230120,1226485.95,1589271.194,1646904.121,1099340.931,1426469.287,1496088.876,1366675.645,1770706.15,1828063.574,1887826,2448830.2,1903516.486,20230120,772504.1374,772504.1374,931432.7496,2,50026.313,0.908425,1.11,1.155815
,2023/1/30,20230130,1230564.258,1606289.247,1669908.635,1102555.614,1441173.941,1516986.751,1371765.113,1790376.841,1853598.584,1897113,2478992.6,1930105.449,20230130,762725.78,762725.78,924914.2731,0,0,0.908425,1.11,1.155815
,2023/1/31,20230131,1233710.077,1625107.532,1724253.432,1104942.823,1457474.437,1565206.571,1375823.611,1812086.24,1915300.712,1905009.8,2512056.2,1994871.904,20230131,772421.5502,772421.5501,933283.2779,4,18613.192,0.907759,1.1108,1.1569482
,2023/2/1,20230201,1245923.327,1652634.587,1798175.319,1115435.328,1481542.304,1631711.037,1390029.234,1843497.149,1998132.415,1926943.4,2558635.6,2081414.545,20230201,769048.3852,769048.3852,940955.8488,4,27238.344,0.907426,1.1112,1.1575148
,2023/2/2,20230202,1239449.182,1624599.941,1763245.273,1109215.971,1455858.582,1599427.444,1383358.717,1812968.578,1960023.445,1920018,2519263.6,2041981.554,20230202,762473.7906,762473.7906,934941.3556,4,-27736.384,0.907093,1.1116,1.1580814
,2023/2/3,20230203,1228144.597,1628240.087,1767211.185,1098665.472,1458541.671,1603024.895,1371286.417,1817726.845,1964431.953,1905554,2528928.4,2046574.403,20230203,751816.6944,751816.6944,934512.066,0,0,0.907093,1.1116,1.1580814
,2023/2/6,20230206,1230486.356,1618351.801,1756460.816,1100383.944,1449122.672,1592103.508,1374453.194,1807417.417,1953887.011,1912399.6,2517603.8,2036115.022,20230206,749995.7944,749995.7944,933983.2632,2,-11603.118,0.906427,1.1124,1.1592146
,2023/2/7,20230207,1224044.552,1591974.459,1730316.545,1094186.233,1424926.288,1567829.439,1367805.753,1778657.359,1925496.251,1905433.8,2480512.6,2006788.599,20230207,746410.8144,746410.8145,927205.0732,2,-12868.805,0.906094,1.1128,1.1597812
,2023/2/8,20230208,1259206.246,1637706.053,1764547.763,1125173.973,1465267.192,1598258.546,1407659.392,1830493.224,1964294.57,1963310.4,2555872,2047489.115,20230208,759358.8028,759358.8029,950173.3498,2,28953.913,0.905761,1.1132,1.1603478
,2023/2/9,20230209,1235990.745,1607505.555,1731980.631,1103983.395,1437675.748,1568183.759,1382276.174,1797454.072,1928733.631,1930182.6,2512744.2,2010681.255,20230209,752084.1456,752084.1455,932796.4241,3,-29723.04,0.905428,1.1136,1.1609144
,2023/2/10,20230210,1255770.544,1633238.66,1776318.134,1121210.901,1460105.609,1607736.661,1404963.408,1826956.612,1978818.401,1964230.2,2557061.4,2063159.762,20230210,760353.3108,760353.3107,951078.485,4,25321.755,0.905095,1.114,1.161481
,2023/2/13,20230213,1215548.735,1641197.938,1784988.219,1084882.358,1466648.367,1614989.511,1360544.904,1836573.496,1989190.871,1904243.2,2573596,2074241.276,20230213,757969.603,757969.6031,942544.0077,1,86826.236,0.904762,1.1144,1.1620476
,2023/2/14,20230214,1219041.538,1645902.842,1790031.608,1087542.69,1470273.208,1618956.497,1364948.741,1842516.315,1995527.236,1912825.6,2585070.4,2081116.166,20230214,752650.9304,752650.9304,945614.4443,2,4785.087,0.904429,1.1148,1.1626142
,2023/2/15,20230215,1184124.595,1598338.11,1790031.608,1055951.954,1427226.555,1618956.497,1326429.674,1789970.219,1995527.236,1860930.6,2514281.6,2081116.166,20230215,742386.277,742386.277,918479.2713,0,0,0.904429,1.1148,1.1626142
,2023/2/16,20230216,1136680.681,1539373.449,1790031.608,1013346.448,1373996.298,1617764.336,1273868.558,1724505.269,1996959.262,1789316.6,2425114,2083144.629,20230216,723715.2622,723715.2621,893866.1687,4,-62882.396,0.903763,1.1156,1.1637474
,2023/2/17,20230217,1126169.661,1517353.969,1750332.831,1003550.797,1353816.444,1581303.189,1262537.708,1700528.717,1953371.439,1775493.4,2394328.4,2037937.02,20230217,732994.0154,732994.0155,885289.9041,4,-23396.276,0.90343,1.116,1.164314
,2023/2/20,20230220,1153065.984,1538235.922,1755570.365,1027113.495,1371903.786,1585450.33,1293187.452,1724627.91,1959918.755,1820821,2431184.8,2045029.86,20230220,729735.857,729735.8571,900618.1084,1,46163,0.903097,1.1164,1.1648806
,2023/2/21,20230221,1154064.119,1523732.861,1739000.224,1027587.494,1358430.587,1569906.798,1294822.011,1709042.864,1942115.45,1825307.4,2412111.2,2026712.942,20230221,724432.8666,724432.8666,894431.9926,1,3121.576,0.902764,1.1168,1.1654472
,2023/2/22,20230222,1156764.643,1537230.21,1743868.651,1029590.941,1369920.681,1573721.131,1298374.745,1724880.166,1948250.057,1832521.2,2437387.2,2033374.913,20230222,726071.5338,726071.5338,898554.9281,4,14738.736,0.902431,1.1172,1.1660138
,2023/2/23,20230223,1176017.27,1562828.548,1772950.291,1046283.286,1392174.154,1599374.911,1320459.626,1754336.194,1981449.245,1866031.6,2481896.6,2068289.059,20230223,717625.8696,717625.8697,913229.7673,4,27940.376,0.902098,1.1176,1.1665804
,2023/2/24,20230224,1181214.223,1569768.086,1804618.064,1050502.111,1397789.532,1627341.409,1326835.869,1762824.211,2017562.996,1877304,2496892.8,2106254.56,20230224,711958.7782,711958.7782,909322.0671,4,7548.576,0.901765,1.118,1.167147
,2023/2/27,20230227,1182160.46,1595296.655,1804618.064,1050938.523,1419944.216,1627341.409,1328440.53,1792208.122,2017562.996,1881826.2,2541564.8,2106254.56,20230227,717629.5298,717629.5299,915255.9118,0,0,0.901765,1.118,1.167147
,2023/2/28,20230228,1195456.816,1633338.941,1847711.121,1062322.61,1453142.079,1664970.643,1344008.046,1835705.713,2067219.202,1906118.2,2606391.6,2158644.318,20230228,722025.7284,722025.7284,926785.6049,1,92571.961,0.901099,1.1188,1.1682802
,2023/3/1,20230301,1256468.83,1647301.209,1863521.063,1115976.136,1464933.416,1678596.414,1412872.055,1852060.006,2085652.774,2006494,2632821.2,2178170.631,20230301,714525.325,714525.3251,955700.0439,1,-24585.77,0.900766,1.1192,1.1688468
,2023/3/2,20230302,1235457.269,1604297.867,1814760.847,1096862.935,1426109.166,1634070.554,1389764.246,1804390.627,2031806.244,1976105.6,2568148.8,2122205.652,20230302,715647.8444,715647.8444,941204.3786,2,-39531.831,0.900433,1.1196,1.1694134
