qid_date,ChiNext Index,Baseline portfolio,day_return,qid_date,,
2017/Q4,1010462.952,984715.6266,-0.001702354,2017/12/6,,
,1019086.243,1007124.31,0.022756502,2017/12/7,0.008534,0.279039045
,1033205.683,988921.0909,-0.018074451,2017/12/8,0.013855,
,1022803.368,990061.4084,0.001153093,2017/12/11,-0.010068,
,1027011.181,987392.8406,-0.002695356,2017/12/12,0.004114,
,1020331.5,974119.0948,-0.013443227,2017/12/13,-0.006504,
,1014433.984,967035.6916,-0.007271599,2017/12/14,-0.00578,
,1012541.05,995189.3668,0.029113378,2017/12/15,-0.001866,
,1022695.825,981893.3686,-0.01336027,2017/12/18,0.010029001,
,1013546.788,1000026.834,0.018467856,2017/12/19,-0.008946,
,1017710.438,991866.8452,-0.00815977,2017/12/20,0.004108,
,1011798.558,969141.3139,-0.022911877,2017/12/21,-0.005809,
,998416.5103,980375.4509,0.011591846,2017/12/22,-0.013226,
,1000130.791,978279.8398,-0.00213756,2017/12/25,0.001717,
,992405.7812,982326.5641,0.004136571,2017/12/26,-0.007724,
,992281.7305,990978.0738,0.008807163,2017/12/27,-0.000125,
,996622.9631,998315.7823,0.007404511,2017/12/28,0.004375,
,1006301.169,1012108.203,0.013815689,2017/12/29,0.009711,
,1020921.718,1042513.647,0.030041693,2018/1/2,0.014528999,
,1020481.701,1048698.034,0.005932189,2018/1/3,-0.000431,
,1024354.429,1058239.172,0.009098079,2018/1/4,0.003795,
,1027048.481,1062405.252,0.003936803,2018/1/5,0.00263,
,1025586.991,1056030.22,-0.006000565,2018/1/8,-0.001423,
,1018477.622,1060425.08,0.00416168,2018/1/9,-0.006932,
,1025955.285,1061660.192,0.001164733,2018/1/10,0.007342,
,1015418.724,1050376.034,-0.010628785,2018/1/11,-0.01027,
,985233.3718,1036885.323,-0.012843697,2018/1/12,-0.029727,
,983513.1543,1051245.004,0.013848861,2018/1/15,-0.001746,
,990585.5974,1053142.996,0.001805471,2018/1/16,0.007191,
,988292.3918,1051947.148,-0.001135503,2018/1/17,-0.002315,
,982684.8207,1072441.079,0.019481901,2018/1/18,-0.005674,
,1005472.299,1058166.495,-0.013310367,2018/1/19,0.023189,
2018/Q1,1005253.106,1084417.552,0.024808059,2018/1/22,-0.000218,
,1031095.148,1086388.055,0.001817107,2018/1/23,0.025707,
,1029707.294,1089539.099,0.002900477,2018/1/24,-0.001346,
,1033099.149,1076515.656,-0.011953167,2018/1/25,0.003293999,
,1023415.911,1073445.108,-0.002852302,2018/1/26,-0.009373,
,1013537.901,1058003.622,-0.01438498,2018/1/29,-0.009652,
,986617.3205,1027564.997,-0.028769869,2018/1/30,-0.026561,
,965198.8451,1044640.311,0.01661726,2018/1/31,-0.021709,
,968062.5901,1023462.796,-0.020272542,2018/2/1,0.002967,
,960014.1177,1001487.909,-0.021471115,2018/2/2,-0.008314,
,908748.4038,1011454.924,0.009952207,2018/2/5,-0.053401,
,919145.3943,1037114.539,0.025369015,2018/2/6,0.011441,
,933379.2799,1024977.785,-0.011702424,2018/2/7,0.015486,
,905560.8438,1057718.184,0.031942545,2018/2/8,-0.029804,
,937155.8617,1081102.857,0.022108604,2018/2/9,0.03489,
,937445.4428,1087129.5,0.005574532,2018/2/12,0.000309,
,936415.1903,1128335.423,0.037903417,2018/2/13,-0.001099,
,954039.4606,1132192.766,0.003418614,2018/2/14,0.018821,
,948961.1085,1157367.867,0.022235702,2018/2/22,-0.005323,
,983260.3589,1172093.013,0.012722961,2018/2/23,0.036144,
,991442.0683,1178850.759,0.005765537,2018/2/26,0.008321,
,997177.5607,1201711.112,0.019392067,2018/2/27,0.005785,
,1017774.263,1195996.401,-0.004755478,2018/2/28,0.020655,
,1007627.054,1216887.655,0.017467657,2018/3/1,-0.00997,
,1021097.012,1221429.768,0.003732566,2018/3/2,0.013368,
,1022187.544,1215668.44,-0.004716872,2018/3/5,0.001068,
,1015170.226,1215383.445,-0.000234435,2018/3/6,-0.006865,
,1019691.795,1277500.392,0.051108929,2018/3/7,0.004454001,
,1055648.167,1290619.697,0.010269512,2018/3/8,0.035262,
,1070406.128,1289094.206,-0.001181984,2018/3/9,0.01398,
,1064873.199,1267662.713,-0.016625234,2018/3/12,-0.005169,
,1047023.794,1272646.374,0.003931378,2018/3/13,-0.016762,
,1051243.3,1248797.18,-0.018739843,2018/3/14,0.00403,
,1035669.131,1281693.929,0.026342748,2018/3/15,-0.014815,
,1047950.095,1300868.619,0.014960428,2018/3/16,0.011857999,
,1060289.707,1287898.703,-0.009970197,2018/3/19,0.011775,
,1040554.535,1274400.995,-0.010480411,2018/3/20,-0.018613,
,1033341.411,1200653.526,-0.057868339,2018/3/21,-0.006932,
,981478.0057,1266640.171,0.05495894,2018/3/22,-0.05019,
,1012518.229,1308077.448,0.032714324,2018/3/23,0.031626,
,1048958.76,1304900.07,-0.002429044,2018/3/26,0.03599,
,1043534.594,1311874.094,0.005344489,2018/3/27,-0.005171,
,1047533.419,1372717.294,0.046378841,2018/3/28,0.003832,
,1080681.566,1397436.347,0.018007388,2018/3/29,0.031644,
,1080552.965,1390910.633,-0.004669776,2018/3/30,-0.000119,
2018/Q2,1064753.12,1370878.995,-0.014401816,2018/4/2,-0.014622,
,1044477.026,1367404.262,-0.002534675,2018/4/3,-0.019043,
,1047229.223,1370164.98,0.002018947,2018/4/4,0.002635,
,1043741.95,1371694.475,0.001116286,2018/4/9,-0.00333,
,1043233.648,1367880.828,-0.002780245,2018/4/10,-0.000487,
,1038834.331,1378757.894,0.007951764,2018/4/11,-0.004217001,
,1037528.517,1404483.21,0.018658327,2018/4/12,-0.001256999,
,1045554.837,1348710.719,-0.039710329,2018/4/13,0.007735999,
,1014297.975,1375035.635,0.019518578,2018/4/16,-0.029895,
,1036203.769,1370810.615,-0.003072662,2018/4/17,0.021597001,
,1035076.379,1334343.098,-0.026602884,2018/4/18,-0.001088,
,1013768.297,1322865.953,-0.008601345,2018/4/19,-0.020586,
,996845.4624,1364026.245,0.031114485,2018/4/20,-0.016693,
,1027445.628,1375094.323,0.008114271,2018/4/23,0.030697,
,1034579.183,1356636.505,-0.013422947,2018/4/24,0.006943,
,1012897.507,1374328.721,0.013041235,2018/4/25,-0.020957,
,1026726.596,1382517.895,0.005958672,2018/4/26,0.013652999,
,1024438.023,1392472.617,0.007200429,2018/4/27,-0.002228999,
,1038779.131,1393360.329,0.000637508,2018/5/2,0.013999,
,1031991.748,1430942.508,0.026972333,2018/5/3,-0.006534,
,1053304.441,1417356.509,-0.009494441,2018/5/4,0.020651999,
,1055881.877,1413765.648,-0.002533491,2018/5/7,0.002447,
,1055280.025,1411978.999,-0.001263752,2018/5/8,-0.000569999,
,1060710.496,1399753.194,-0.008658631,2018/5/9,0.005146,
,1043322.268,1392045.287,-0.005506618,2018/5/10,-0.016393001,
,1041161.548,1447308.869,0.039699557,2018/5/11,-0.002071,
,1056532.216,1444058.022,-0.002246132,2018/5/14,0.014763,
,1050086.313,1390809.953,-0.036873912,2018/5/15,-0.006101,
,1041289.74,1407115.596,0.011723847,2018/5/16,-0.008377,
,1044444.848,1407623.032,0.000360621,2018/5/17,0.00303,
,1059074.387,1398306.507,-0.006618622,2018/5/18,0.014007,
,1066761.149,1418097.295,0.014153398,2018/5/21,0.007258,
,1049687.637,1428741.893,0.007506253,2018/5/22,-0.016005,
,1045382.868,1413815.641,-0.01044713,2018/5/23,-0.004101,
,1026132.142,1388751.867,-0.017727753,2018/5/24,-0.018415,
,1021789.551,1384330.293,-0.003183848,2018/5/25,-0.004232,
,1008559.42,1437795.621,0.038621801,2018/5/28,-0.012948,
,981590.5408,1466795.584,0.020169739,2018/5/29,-0.02674,
,991555.648,1416848.715,-0.03405169,2018/5/30,0.010152,
,972111.2417,1388221.42,-0.020204907,2018/5/31,-0.01961,
,968348.1991,1422996.549,0.025050131,2018/6/1,-0.003871,
,992903.5727,1434787.582,0.008286059,2018/6/4,0.025358,
,991274.218,1421831.339,-0.009030077,2018/6/5,-0.001641,
,983954.6491,1421517.424,-0.000220782,2018/6/6,-0.007384,
,973234.4632,1420662.89,-0.000601142,2018/6/7,-0.010895,
,960210.6397,1448973.255,0.019927574,2018/6/8,-0.013382,
,973943.5722,1458427.229,0.006524602,2018/6/11,0.014302,
,958662.3976,1488448.991,0.020585025,2018/6/12,-0.01569,
,951510.7761,1464655.801,-0.015985224,2018/6/13,-0.00746,
,933510.0952,1473477.105,0.006022783,2018/6/14,-0.018918,
,879763.2515,1511825.384,0.026025704,2018/6/15,-0.057575,
,889229.5041,1467236.004,-0.029493737,2018/6/19,0.01076,
,865279.8859,1492657.682,0.017326237,2018/6/20,-0.026933,
,881193.2482,1496781.866,0.00276298,2018/6/21,0.018391,
,874883.9046,1531890.712,0.023456221,2018/6/22,-0.00716,
,889868.9161,1528195.804,-0.002411992,2018/6/25,0.017128,
,879243.8812,1519753.916,-0.005524088,2018/6/26,-0.01194,
,877783.4571,1569957,0.033033693,2018/6/27,-0.001661,
,913636.5225,1576556.838,0.004203833,2018/6/28,0.040845,
,903207.3616,1588796.624,0.007763618,2018/6/29,-0.011415,
2018/Q3,913867.918,1569831.096,-0.011937039,2018/7/2,0.011803,
,890262.7097,1525083.913,-0.028504457,2018/7/3,-0.02583,
,871536.9239,1518021.272,-0.004630985,2018/7/4,-0.021034,
,876447.1629,1605732.176,0.057779759,2018/7/5,0.005634,
,899543.2985,1610478.208,0.002955681,2018/7/6,0.026352,
,905824.8094,1606128.506,-0.002700876,2018/7/9,0.006983,
,888783.5273,1665870.959,0.037196558,2018/7/10,-0.018813,
,918139.1584,1690745.961,0.014932131,2018/7/11,0.033029,
,920317.9026,1698640.794,0.004669438,2018/7/12,0.002373,
,919436.2381,1699648.406,0.000593187,2018/7/13,-0.000958,
,922120.0724,1692954.853,-0.003938198,2018/7/16,0.002919,
,914302.3385,1679590.699,-0.007893982,2018/7/17,-0.008478,
,904168.2113,1723738.284,0.026284728,2018/7/18,-0.011084,
,915247.8886,1717953.725,-0.003355822,2018/7/19,0.012254,
,921744.3181,1727498.275,0.005555766,2018/7/20,0.007098,
,926655.3718,1706805.636,-0.011978385,2018/7/23,0.005328,
,928196.3997,1676158.182,-0.017956031,2018/7/24,0.001663,
,913295.1347,1642911.029,-0.019835331,2018/7/25,-0.016054,
,906728.5427,1628776.065,-0.008603609,2018/7/26,-0.00719,
,886868.4674,1606162.862,-0.013883556,2018/7/27,-0.021903,
,887788.15,1584988.867,-0.013182969,2018/7/30,0.001037,
,876757.3823,1580016.201,-0.003137351,2018/7/31,-0.012425,
,858690.9197,1537658.406,-0.026808456,2018/8/1,-0.020606,
,842496.0089,1510039.563,-0.017961625,2018/8/2,-0.01886,
,819288.6138,1548320.334,0.02535084,2018/8/3,-0.027546,
,841264.3923,1503927.758,-0.028671441,2018/8/6,0.026823,
,823247.8741,1537288.056,0.022182114,2018/8/7,-0.021416,
,851593.9449,1551207.8,0.009054741,2018/8/8,0.034432,
,859612.5535,1573517.105,0.014381893,2018/8/9,0.009416,
,870776.3417,1555873.1,-0.0112131,2018/8/10,0.012987,
,863469.6574,1510429.539,-0.029207755,2018/8/13,-0.008391,
,840732.7744,1498003.033,-0.008227134,2018/8/14,-0.026332,
,832411.2014,1460839.215,-0.024808907,2018/8/15,-0.009898,
,815598.9924,1474249.718,0.009179999,2018/8/16,-0.020197,
,816386.0454,1483813.431,0.006487173,2018/8/17,0.000965,
,828488.1522,1465714.413,-0.012197637,2018/8/20,0.014824,
,818582.7478,1483063.201,0.011836404,2018/8/21,-0.011956,
,827652.6447,1488800.477,0.003868531,2018/8/22,0.01108,
,824575.4321,1526672.049,0.025437641,2018/8/23,-0.003718,
,849221.1672,1527211.797,0.000353545,2018/8/24,0.029889,
,849035.1878,1515078.763,-0.007944565,2018/8/27,-0.000219,
,842259.887,1493116.767,-0.014495614,2018/8/28,-0.00798,
,829024.6151,1478008.444,-0.010118648,2018/8/29,-0.015714,
,816107.5826,1489292.136,0.007634389,2018/8/30,-0.015581,
,820934.0428,1515440.976,0.017557898,2018/8/31,0.005914,
,827652.567,1489365.055,-0.01720682,2018/9/3,0.008184,
,813287.0014,1486452.506,-0.001955564,2018/9/4,-0.017357,
,809096.1335,1490984.483,0.003048854,2018/9/5,-0.005153,
,810437.6149,1453661.212,-0.025032636,2018/9/6,0.001658,
,790872.8404,1470227.4,0.011396182,2018/9/7,-0.024141,
,793342.7363,1536663.236,0.045187456,2018/9/10,0.003123,
,788013.8532,1569243.846,0.02120218,2018/9/11,-0.006717,
,791132.024,1559755.223,-0.006046621,2018/9/12,0.003957,
,777078.3547,1531708.276,-0.017981634,2018/9/13,-0.017764,
,767531.17,1559024.184,0.017833623,2018/9/14,-0.012286,
,783184.2007,1583237.432,0.015531028,2018/9/17,0.020394,
,791770.2491,1567031.923,-0.010235678,2018/9/18,0.010963,
,789049.7265,1606924.035,0.025457115,2018/9/19,-0.003436,
,802412.2837,1606793.983,-8.09E-05,2018/9/20,0.016935,
,799391.2014,1615986.951,0.005721311,2018/9/21,-0.003765,
,807888.7299,1575346.469,-0.025149016,2018/9/25,0.01063,
,796293.9108,1600879.141,0.016207655,2018/9/26,-0.014352,
,802538.4477,1504243.201,-0.060364295,2018/9/27,0.007842,
,769745.9242,1476572.04,-0.018395404,2018/9/28,-0.040861,
2018/Q4,765356.8329,1482596.536,0.004080055,2018/10/8,-0.005702,
,765784.6674,1402277.844,-0.054174342,2018/10/9,0.000559,
,717551.7201,1421592.85,0.013774022,2018/10/10,-0.062985,
,721260.7449,1429696.786,0.005700603,2018/10/11,0.005169,
,710918.5871,1392828.811,-0.025787269,2018/10/12,-0.014339,
,691851.7506,1392619.159,-0.000150522,2018/10/15,-0.02682,
,700480.5256,1370404.911,-0.015951416,2018/10/16,0.012472,
,685223.3593,1444905.858,0.054364186,2018/10/17,-0.021781,
,710731.4841,1522121.638,0.053440008,2018/10/18,0.037226,
,747724.3471,1496059.205,-0.017122437,2018/10/19,0.052049,
,734708.7094,1500147.212,0.002732517,2018/10/22,-0.017407,
,730185.8426,1499426.913,-0.000480153,2018/10/23,-0.006156,
,724215.8431,1484781.83,-0.00976712,2018/10/24,-0.008176,
,718293.206,1468178.946,-0.011182036,2018/10/25,-0.008178,
,711067.1763,1487024.105,0.012835737,2018/10/26,-0.01006,
,716450.6659,1504040.44,0.011443214,2018/10/29,0.007571,
,725336.0871,1521928.39,0.011893264,2018/10/30,0.012402,
,731449.9449,1583932.786,0.040740679,2018/10/31,0.008429,
,766678.7686,1586388.934,0.001550664,2018/11/1,0.048163,
,767018.4073,1582158.697,-0.002666582,2018/11/2,0.000443,
,767151.1015,1575368.734,-0.004291582,2018/11/5,0.000173,
,765251.6354,1587393.491,0.007632979,2018/11/6,-0.002476,
,756052.5455,1600137.548,0.008028291,2018/11/7,-0.012021,
,752208.7743,1659095.484,0.036845543,2018/11/8,-0.005084,
,778343.516,1675223.573,0.009721013,2018/11/9,0.034744,
,791572.2424,1678544.883,0.001982607,2018/11/12,0.016996,
,787976.9213,1713678.175,0.020930803,2018/11/13,-0.004542,
,799074.7882,1726155.128,0.007280803,2018/11/14,0.014084,
,797957.6817,1732719.251,0.003802742,2018/11/15,-0.001398,
,792906.6095,1716285.262,-0.009484508,2018/11/16,-0.00633,
,770692.538,1700773.164,-0.009038182,2018/11/19,-0.028016,
,775067.7595,1685156.09,-0.009182338,2018/11/20,0.005677,
,769891.0819,1629949.645,-0.032760434,2018/11/21,-0.006679,
,744197.5069,1625130.398,-0.002956685,2018/11/22,-0.033373,
,741819.7958,1639916.801,0.009098595,2018/11/23,-0.003195,
,748004.3475,1660394.077,0.012486777,2018/11/26,0.008337,
,762589.6842,1619817.757,-0.024437765,2018/11/27,0.019499,
,746459.3872,1647601.497,0.017152386,2018/11/28,-0.021152,
,755940.1679,1695315.827,0.028959873,2018/11/29,0.012701,
,780621.6144,1700872.141,0.003277451,2018/11/30,0.03265,
,784011.0735,1696877.812,-0.0023484,2018/12/3,0.004342,
,785724.1376,1649418.282,-0.027968738,2018/12/4,0.002185,
,765249.7381,1656927.26,0.0045525,2018/12/5,-0.026058,
,762552.998,1649885.368,-0.00424997,2018/12/6,-0.003524,
,754495.1005,1680732.943,0.018696799,2018/12/7,-0.010567,
,760881.147,1665986.363,-0.008773898,2018/12/10,0.008464,
,761251.6961,1700422.655,0.020670212,2018/12/11,0.000487,
,766808.8335,1639329.58,-0.03592817,2018/12/12,0.0073,
,745174.8559,1608821.494,-0.018610099,2018/12/13,-0.028213,
,738758.9004,1592687.449,-0.010028487,2018/12/14,-0.00861,
,735438.1791,1569885.227,-0.014316822,2018/12/17,-0.004495,
,721494.2712,1563875.136,-0.003828363,2018/12/18,-0.01896,
,726807.355,1541612.275,-0.014235703,2018/12/19,0.007364,
,722341.8507,1570400,0.018673778,2018/12/20,-0.006144,
,730318.6717,1562441.024,-0.00506812,2018/12/21,0.011043,
,724129.221,1562887.582,0.000285808,2018/12/24,-0.008475,
,718797.4575,1555588.491,-0.00467026,2018/12/25,-0.007363,
,709702.5133,1554576.236,-0.000650722,2018/12/26,-0.012653,
,711094.9496,1512963.541,-0.02676787,2018/12/27,0.001962,
,698722.6086,1488440.995,-0.016208286,2018/12/28,-0.017399,
2019/Q1,690608.3429,1509238.188,0.013972467,2019/1/2,-0.011613,
,708042.7506,1505902.859,-0.002209942,2019/1/3,0.025245,
,721065.0728,1490702.931,-0.010093565,2019/1/4,0.018392,
,718478.6124,1468024.919,-0.015212965,2019/1/7,-0.003587,
,717913.8882,1463902.5,-0.00280814,2019/1/8,-0.000786,
,715908.0368,1459535.311,-0.002983251,2019/1/9,-0.002794,
,717369.921,1461997.474,0.00168695,2019/1/10,0.002042,
,708521.163,1479881.691,0.012232728,2019/1/11,-0.012335,
,720050.9279,1481905.982,0.001367873,2019/1/14,0.016273,
,720636.3293,1460491.321,-0.014450756,2019/1/15,0.000813,
,711600.2704,1480233.817,0.013517709,2019/1/16,-0.012539,
,721887.1639,1488701.24,0.005720328,2019/1/17,0.014456,
,724891.6583,1479658.819,-0.006074034,2019/1/18,0.004162,
,712069.0497,1484414.321,0.003213918,2019/1/21,-0.017689,
,711436.7324,1496112.776,0.007880856,2019/1/22,-0.000888,
,719416.9183,1497751.329,0.001095206,2019/1/23,0.011217,
,719606.1249,1500451.444,0.001802779,2019/1/24,0.000263,
,716336.2347,1486408.33,-0.009359259,2019/1/25,-0.004544,
,707152.0878,1467326.991,-0.012837212,2019/1/28,-0.012821,
,699888.9287,1468146.243,0.00055833,2019/1/29,-0.010271,
,698279.1842,1508551.597,0.027521341,2019/1/30,-0.0023,
,722893.5254,1548352.75,0.026383687,2019/1/31,0.03525,
,748381.3053,1568620.216,0.013089695,2019/2/1,0.035258,
,757577.4148,1590359.203,0.013858668,2019/2/11,0.012288,
,772018.3555,1599580.566,0.00579829,2019/2/12,0.019062,
,774447.8973,1600819.895,0.000774783,2019/2/13,0.003147,
,772115.2602,1654477.543,0.033518854,2019/2/14,-0.003012,
,803824.4897,1644030.635,-0.006314324,2019/2/15,0.041068,
,799524.0287,1648983.5,0.003012635,2019/2/18,-0.00535,
,800857.6348,1659566.744,0.006418041,2019/2/19,0.001668,
,803219.3639,1718353.151,0.035422743,2019/2/20,0.002949,
,828105.5095,1815285.617,0.056410096,2019/2/21,0.030983,
,873637.2347,1821972.05,0.003683405,2019/2/22,0.054983,
,879674.068,1799310.841,-0.012437737,2019/2/25,0.00691,
,864566.5456,1824912.187,0.014228418,2019/2/26,-0.017174,
,873244.2,1853272.337,0.015540556,2019/2/27,0.010037,
,891550.0181,1895408.02,0.022735829,2019/2/28,0.020963,
,921026.4448,1966755.457,0.037642257,2019/3/1,0.033062,
,953357.2361,2000211.555,0.017010808,2019/3/4,0.035103,
,966964.504,1971127.561,-0.014540459,2019/3/5,0.014273,
,962369.4886,1939402.042,-0.016095112,2019/3/6,-0.004752,
,940800.8637,2037162.729,0.050407644,2019/3/7,-0.022412,
,982490.5723,2049236.797,0.005926904,2019/3/8,0.044313,
,1008438.148,1981767.354,-0.032924181,2019/3/11,0.02641,
,963190.5371,1958382.951,-0.011799772,2019/3/12,-0.044869,
,938355.6323,1897840.767,-0.030914375,2019/3/13,-0.025784,
,945428.0187,1968948.418,0.037467659,2019/3/14,0.007537,
,970694.5825,1989851.375,0.010616305,2019/3/15,0.026725,
,971728.3722,1962670.124,-0.01365994,2019/3/18,0.001065,
,959801.3782,1959417.104,-0.001657446,2019/3/19,-0.012274,
,968873.4208,1965422.07,0.00306467,2019/3/20,0.009452,
,963192.9159,1947752.652,-0.008990139,2019/3/21,-0.005863,
,948963.667,1896390.932,-0.026369735,2019/3/22,-0.014773,
,926985.6684,1947682.874,0.027047135,2019/3/25,-0.02316,
,931298.0058,1936385.672,-0.005800329,2019/3/26,0.004652,
,925069.4847,1991883.92,0.028660741,2019/3/27,-0.006688,
,963013.0598,2085329.706,0.046913269,2019/3/28,0.041017,
,1001308.237,2075597.696,-0.004666893,2019/3/29,0.039766,
2019/Q2,997478.2331,2097189.018,0.01040246,2019/4/1,-0.003825,
,1005451.077,2105284.278,0.003860053,2019/4/2,0.007993,
,1010617.084,2140843.961,0.01689068,2019/4/3,0.005137999,
,989231.4161,2166436.084,0.011954222,2019/4/4,-0.021161,
,990093.0367,2158695.723,-0.003572855,2019/4/8,0.000871,
,981827.74,2116721.022,-0.019444473,2019/4/9,-0.008348,
,961622.707,2108404.885,-0.003928783,2019/4/10,-0.020579,
,964252.7451,2089299.041,-0.009061753,2019/4/11,0.002735,
,947857.5556,2148650.896,0.028407544,2019/4/12,-0.017003,
,965276.3339,2157994.536,0.004348608,2019/4/15,0.018377,
,976597.0948,2141988.458,-0.007417108,2019/4/16,0.011728,
,969267.7336,2137632.016,-0.002033831,2019/4/17,-0.007505,
,975663.9314,2113854.982,-0.011123072,2019/4/18,0.006599,
,965267.2565,2102836.763,-0.005212382,2019/4/19,-0.010656,
,957469.8276,2130220.331,0.013022204,2019/4/22,-0.008078,
,977398.6046,2079828.737,-0.023655578,2019/4/23,0.020814,
,949610.1849,2077924.37,-0.000915636,2019/4/24,-0.028431,
,942698.9219,2050439.821,-0.013226925,2019/4/25,-0.007278,
,918697.8074,2047865.953,-0.001255276,2019/4/26,-0.02546,
,923340.9061,1913385.078,-0.065668788,2019/4/29,0.005054,
,850046.105,1920999.486,0.003979548,2019/4/30,-0.07938,
,855321.4911,1905821.972,-0.007900842,2019/5/6,0.006206,
,842645.6266,1870126.261,-0.018729825,2019/5/7,-0.01482,
,835596.0533,1943381.015,0.039171021,2019/5/8,-0.008366,
,872213.5435,1915519.68,-0.014336528,2019/5/9,0.043822,
,854696.0067,1900141.584,-0.008028159,2019/5/10,-0.020084,
,849884.0682,1917618.358,0.009197617,2019/5/13,-0.00563,
,869267.3742,1960641.642,0.022435791,2019/5/14,0.022807,
,872098.578,1888570.193,-0.036759114,2019/5/15,0.003257,
,840867.8558,1878881,-0.005130439,2019/5/16,-0.035811,
,835501.4372,1896078.457,0.009153032,2019/5/17,-0.006382,
,849379.116,1833980.8,-0.032750574,2019/5/20,0.01661,
,846485.2814,1784273.013,-0.027103766,2019/5/21,-0.003407,
,825228.343,1791932.646,0.004292859,2019/5/22,-0.025112,
,820964.3882,1869863.716,0.043489955,2019/5/23,-0.005167,
,848375.5681,1856983.534,-0.0068883,2019/5/24,0.033389,
,855887.9338,1879130.698,0.011926419,2019/5/27,0.008855,
,851753.1392,1858274.305,-0.011098958,2019/5/28,-0.004831,
,844560.0839,1878812.549,0.011052321,2019/5/29,-0.008445,
,843659.7829,1855832.21,-0.01223131,2019/5/30,-0.001066,
,835314.3003,1808968.944,-0.025251887,2019/5/31,-0.009892,
,828084.655,1811328.93,0.001304603,2019/6/3,-0.008655,
,825189.6711,1792833.415,-0.010211019,2019/6/4,-0.003496,
,805218.4306,1835584.776,0.023845697,2019/6/5,-0.024202,
,813908.3479,1800324.401,-0.019209342,2019/6/6,0.010792,
,845759.0233,1797643.158,-0.001489311,2019/6/10,0.039133,
,838111.6702,1757911.176,-0.022102263,2019/6/11,-0.009042,
,841483.3935,1755621.455,-0.001302524,2019/6/12,0.004023,
,826770.8978,1756411.728,0.000450139,2019/6/13,-0.017484,
,820169.1322,1766976.618,0.006015041,2019/6/14,-0.007985,
,827787.6833,1801893.897,0.019761031,2019/6/17,0.009289,
,835885.9302,1862083.492,0.033403517,2019/6/18,0.009783,
,851822.9313,1859360.111,-0.001462545,2019/6/19,0.019066,
,866490.4704,1842445.093,-0.009097225,2019/6/20,0.017219,
,861177.1508,1869862.492,0.014880986,2019/6/21,-0.006132,
,852079.6754,1894907.005,0.013393772,2019/6/24,-0.010564,
,855538.2668,1873792.569,-0.01114273,2019/6/25,0.004059,
,867306.1957,1950895.216,0.04114791,2019/6/26,0.013755,
,859495.2361,1943348.739,-0.003868212,2019/6/27,-0.009006,
,891709.977,1910033.181,-0.017143376,2019/6/28,0.037481,
2019/Q3,893047.542,1915212.205,0.002711484,2019/7/1,0.0015,
,878174.7282,1942028.674,0.014001826,2019/7/2,-0.016654,
,871570.8543,1883575.971,-0.030098784,2019/7/3,-0.00752,
,880096.5603,1890089.754,0.0034582,2019/7/4,0.009782,
,856739.6777,1916488.947,0.013967164,2019/7/5,-0.026539,
,863070.1272,1940150.082,0.012346084,2019/7/8,0.007389,
,858885.9632,1929233.517,-0.00562666,2019/7/9,-0.004848,
,861026.3071,1971224.304,0.021765529,2019/7/10,0.002492,
,863229.6734,1976703.717,0.0027797,2019/7/11,0.002559,
,879944.3895,1967915.264,-0.004446014,2019/7/12,0.019363,
,878696.6284,1934365.85,-0.017048201,2019/7/15,-0.001418,
,881507.5789,1922234.967,-0.006271245,2019/7/16,0.003199,
,866871.9086,1869129.479,-0.027626949,2019/7/17,-0.016603,
,876824.465,1908616.18,0.021125717,2019/7/18,0.011481,
,862030.6826,1937297.599,0.015027338,2019/7/19,-0.016872,
,872812.9624,1965809.441,0.014717327,2019/7/22,0.012508,
,883498.8115,1966930.037,0.000570043,2019/7/23,0.012243,
,890526.161,1967675.409,0.000378952,2019/7/24,0.007954,
,888125.3025,2003048.515,0.017977104,2019/7/25,-0.002696,
,890779.909,1981813.993,-0.010601102,2019/7/26,0.002989,
,898516.3325,1993990.329,0.006144036,2019/7/29,0.008685,
,892979.6749,1981736.825,-0.006145217,2019/7/30,-0.006162,
,894954.9459,1962188.472,-0.009864253,2019/7/31,0.002212,
,885218.7311,1944011.8,-0.009263469,2019/8/1,-0.010879,
,870791.4362,1925404.977,-0.009571353,2019/8/2,-0.016298,
,857450.9114,1940793.306,0.007992255,2019/8/5,-0.01532,
,853095.0608,1941656.95,0.000444996,2019/8/6,-0.00508,
,866016.0385,2006701.317,0.033499413,2019/8/7,0.015146,
,857334.2278,2014459.135,0.003865956,2019/8/8,-0.010025,
,875648.6015,2003148.067,-0.005614941,2019/8/9,0.021362,
,866802.7994,2018503.162,0.007665482,2019/8/12,-0.010102,
,873798.7647,2028360.944,0.004883709,2019/8/13,0.008071,
,884667.0738,2103375.4,0.036982795,2019/8/14,0.012438,
,891616.1336,2068441.233,-0.016608622,2019/8/15,0.007855,
,922806.6492,2075948.927,0.003629639,2019/8/16,0.034982,
,916408.8307,2080288.766,0.002090533,2019/8/19,-0.006933,
,915408.1123,2094452.078,0.006808339,2019/8/20,-0.001092,
,917469.6114,2093641.875,-0.000386833,2019/8/21,0.002252,
,918664.1568,2106457.691,0.006121303,2019/8/22,0.001302,
,910268.4851,2103801.354,-0.001261045,2019/8/23,-0.009139,
,925806.7681,2100343.231,-0.00164375,2019/8/26,0.01707,
,924139.3901,2092287.684,-0.003835348,2019/8/27,-0.001801,
,921679.3311,2170276.168,0.037274264,2019/8/28,-0.002662,
,916013.7682,2182525.467,0.00564412,2019/8/29,-0.006147,
,939549.826,2170548.293,-0.005487759,2019/8/30,0.025694,
,944178.0484,2212464.604,0.019311393,2019/9/2,0.004926,
,949286.0517,2221204.263,0.003950191,2019/9/3,0.00541,
,960456.3006,2293665.688,0.032622585,2019/9/4,0.011767,
,962267.7212,2272761.11,-0.009114048,2019/9/5,0.001886,
,985576.7322,2273538.085,0.000341864,2019/9/6,0.024223,
,981071.661,2333321.232,0.026295203,2019/9/9,-0.004571,
,968692.4988,2460143.666,0.054352754,2019/9/10,-0.012618,
,972692.2301,2399172.899,-0.024783417,2019/9/11,0.004129,
,974850.6341,2340880.277,-0.024296966,2019/9/12,0.002219,
,954163.3288,2367054.81,0.011181492,2019/9/16,-0.021221,
,954913.3012,2406313.67,0.016585531,2019/9/17,0.000786,
,969864.3788,2358498.009,-0.019870918,2019/9/18,0.015657,
,969550.1427,2352775.58,-0.002426302,2019/9/19,-0.000324,
,957766.2303,2298637.966,-0.023010105,2019/9/20,-0.012154,
,963607.6465,2165115.334,-0.058087717,2019/9/23,0.006099,
,951126.0367,2200074.128,0.016146389,2019/9/24,-0.012953,
,923345.5474,2159335.917,-0.018516744,2019/9/25,-0.029208,
,936845.7826,2143018.366,-0.007556745,2019/9/26,0.014621,
,925479.9696,2135105.461,-0.003692412,2019/9/27,-0.012132,
,919246.862,2224271.255,0.041761775,2019/9/30,-0.006735,
2019/Q4,922562.5854,2234007.691,0.00437736,2019/10/8,0.003607,
,947896.154,2267205.288,0.014860109,2019/10/9,0.02746,
,947821.2702,2252496.684,-0.006487548,2019/10/10,-7.90E-05,
,954954.5731,2254542.991,0.000908461,2019/10/11,0.007526,
,944439.5683,2263271.684,0.003871602,2019/10/14,-0.011011,
,941872.5816,2268569.674,0.002340854,2019/10/15,-0.002718,
,942945.3744,2259696.335,-0.003911424,2019/10/16,0.001139,
,937466.8618,2301687.176,0.018582515,2019/10/17,-0.00581,
,935126.0071,2257243.428,-0.019309204,2019/10/18,-0.002497,
,947840.9154,2235702.759,-0.009542909,2019/10/21,0.013597,
,938413.6896,2304690.496,0.030857294,2019/10/22,-0.009946,
,940446.2937,2336583.158,0.013838154,2019/10/23,0.002166,
,952657.9888,2324536.826,-0.005155533,2019/10/24,0.012985,
,969192.3209,2320604.287,-0.001691752,2019/10/25,0.017356,
,959049.7232,2308524.903,-0.005205275,2019/10/28,-0.010465,
,957627.4525,2321716.004,0.005714082,2019/10/29,-0.001483,
,950368.6364,2348747.256,0.01164279,2019/10/30,-0.00758,
,959287.8461,2381475.635,0.013934398,2019/10/31,0.009385,
,966635.0317,2379764.282,-0.00071861,2019/11/1,0.007659,
,974237.6162,2418015.916,0.016073707,2019/11/4,0.007865,
,968397.0617,2403560.866,-0.005978062,2019/11/5,-0.005995,
,975538.0216,2398502.772,-0.002104417,2019/11/6,0.007374,
,973059.1795,2404315.501,0.002423482,2019/11/7,-0.002541,
,951401.8013,2386063.637,-0.007591293,2019/11/8,-0.022257,
,950442.7883,2428321.135,0.01771013,2019/11/11,-0.001008,
,956328.8805,2445820.831,0.0072065,2019/11/12,0.006193,
,962463.7303,2380534.466,-0.026693029,2019/11/13,0.006415,
,952342.4617,2446467.102,0.027696569,2019/11/14,-0.010516,
,956725.1417,2460408.558,0.005698608,2019/11/15,0.004602,
,983215.9042,2438123.82,-0.009057332,2019/11/18,0.027689,
,977862.2936,2427898.431,-0.004193958,2019/11/19,-0.005445,
,974187.4871,2333722.425,-0.038789104,2019/11/20,-0.003758,
,955195.702,2390429.975,0.024299183,2019/11/21,-0.019495,
,944943.5865,2475794.109,0.035710786,2019/11/22,-0.010733,
,954785.174,2525988.671,0.020274126,2019/11/25,0.010415,
,952116.5494,2505327.173,-0.008179569,2019/11/26,-0.002795,
,951778.548,2607419.693,0.040750175,2019/11/27,-0.000355,
,946717.9415,2632786.069,0.009728536,2019/11/28,-0.005317,
,949356.4444,2614060.142,-0.00711259,2019/11/29,0.002787,
,952682.04,2634935.133,0.007985658,2019/12/2,0.003503,
,951768.418,2671071.371,0.01371428,2019/12/3,-0.000959,
,972265.7026,2675655.4,0.001716176,2019/12/4,0.021536,
,981918.3565,2655487.846,-0.007537426,2019/12/5,0.009928,
,978660.3514,2641273.114,-0.005352965,2019/12/6,-0.003318,
,986024.7705,2679694.408,0.014546506,2019/12/9,0.007525,
,977061.8054,2776946.606,0.036292272,2019/12/10,-0.00909,
,978612.4025,2798319.321,0.00769648,2019/12/11,0.001587,
,998188.565,2834004.939,0.012752518,2019/12/12,0.020004,
,1012358.85,2862479.583,0.010047493,2019/12/13,0.014196,
,1024461.6,2845051.271,-0.006088537,2019/12/16,0.011955,
,1019231.723,2788761.705,-0.01978508,2019/12/17,-0.005105001,
,1018105.472,2729131.593,-0.02138229,2019/12/18,-0.001105,
,1007454.053,2863113.697,0.04909331,2019/12/19,-0.010462,
,987504.4477,2832589.927,-0.01066104,2019/12/20,-0.019802,
,1006408.245,2844385.984,0.004164407,2019/12/23,0.019143,
,1014667.838,2762614.262,-0.028748462,2019/12/24,0.008207001,
,1019921.788,2740212.294,-0.008108974,2019/12/25,0.005178,
,1005107.424,2761917.626,0.00792104,2019/12/26,-0.014525,
,1017990.891,2878029.279,0.04204023,2019/12/27,0.012818,
,1022472.087,2920544.97,0.014772501,2019/12/30,0.004402,
,1042160.809,2937219.727,0.005709468,2019/12/31,0.019256,
2020/Q1,1044020.024,2958119.491,0.007115492,2020/1/2,0.001784,
,1057615.253,2945487.467,-0.004270288,2020/1/3,0.013022,
,1076546.566,2989809.519,0.015047442,2020/1/6,0.0179,
,1059194.788,2982761.416,-0.002357375,2020/1/7,-0.016118,
,1087878.842,3058125.566,0.02526657,2020/1/8,0.027081,
,1082790.833,3043880.613,-0.004658066,2020/1/9,-0.004677,
,1100348.287,3038196.993,-0.001867228,2020/1/10,0.016215001,
,1093232.334,3056676.687,0.006082454,2020/1/13,-0.006467001,
,1094187.819,3106489.181,0.016296291,2020/1/14,0.000874,
,1097441.934,3166418.252,0.019291576,2020/1/15,0.002974,
,1098891.655,3124850.184,-0.013127788,2020/1/16,0.001321,
,1127133.17,3175184.447,0.016107736,2020/1/17,0.0257,
,1118518.491,3054150.423,-0.038118738,2020/1/20,-0.007643,
,1133798.572,2818351.824,-0.077205955,2020/1/21,0.013661,
,1096179.136,3024219.782,0.073045514,2020/1/22,-0.033179999,
,1021138.001,3219715.682,0.064643417,2020/1/23,-0.068457,
,1070562.101,3323339.831,0.032184254,2020/2/3,0.048401,
,1102933.758,3451677.999,0.038617227,2020/2/4,0.030238,
,1144232.009,3461404.718,0.002817968,2020/2/5,0.037443999,
,1146251.579,3389890.793,-0.020660377,2020/2/6,0.001765,
,1161251.427,3549351.022,0.047039931,2020/2/7,0.013086,
,1153442.011,3510701.867,-0.010889077,2020/2/10,-0.006725,
,1185760.303,3490532.815,-0.00574502,2020/2/11,0.028019,
,1173999.932,3626443.433,0.038936926,2020/2/12,-0.009918,
,1176628.518,3671645.73,0.012464636,2020/2/13,0.002239,
,1220389.686,3767008.343,0.025972716,2020/2/14,0.037192,
,1234475.424,3890574.588,0.032802222,2020/2/17,0.011542,
,1216557.013,3929860.57,0.010097733,2020/2/18,-0.014515,
,1243453.872,4094358.877,0.041858561,2020/2/19,0.022109,
,1266143.175,4102722.111,0.002042623,2020/2/20,0.018247,
,1287372.597,3853554.633,-0.060732233,2020/2/21,0.016767,
,1300644.122,3834509.757,-0.004942158,2020/2/24,0.010309001,
,1240021.099,3641946.752,-0.050218416,2020/2/25,-0.04661,
,1249126.574,3735983.705,0.025820519,2020/2/26,0.007343,
,1177962.584,3783883.825,0.012821287,2020/2/27,-0.056971,
,1214269.747,3794800.364,0.002885009,2020/2/28,0.030822,
,1235838.82,3858186.382,0.016703387,2020/3/2,0.017763,
,1233619.254,3857462.368,-0.000187656,2020/3/3,-0.001796,
,1256447.378,3681161.654,-0.045703807,2020/3/4,0.018505,
,1246978.79,3811163.023,0.035315311,2020/3/5,-0.007536,
,1190187.635,3758298.439,-0.013870985,2020/3/6,-0.045543,
,1221887.093,3688014.649,-0.01870096,2020/3/9,0.026634,
,1194964.033,3659279.653,-0.007791454,2020/3/10,-0.022034,
,1163383.523,3475259.514,-0.050288624,2020/3/11,-0.026428,
,1154656.983,3497072.907,0.006276766,2020/3/12,-0.007501,
,1086527.603,3459107.9,-0.010856224,2020/3/13,-0.059003999,
,1090470.611,3499539.079,0.011688326,2020/3/16,0.003628999,
,1073036.167,3606588.547,0.030589591,2020/3/17,-0.015988,
,1077528.97,3430031.339,-0.048954075,2020/3/18,0.004187001,
,1088960.475,3445410.124,0.00448357,2020/3/19,0.010609,
,1038923.83,3508649.147,0.018354571,2020/3/20,-0.045949,
,1067275.022,3622717,0.032510476,2020/3/23,0.027289,
,1101930.509,3522244.801,-0.027733935,2020/3/24,0.032471,
,1095913.969,3394456.887,-0.036280248,2020/3/25,-0.005459999,
,1082611.765,3437664.708,0.012728935,2020/3/26,-0.012138,
,1057935.795,3407145.976,-0.008877751,2020/3/27,-0.022793,
,1064436.811,3510447.252,0.030319005,2020/3/30,0.006145001,
,1060389.822,3507083.47,-0.00095822,2020/3/31,-0.003802,
2020/Q2,1090044.684,3635034.934,0.036483724,2020/4/1,0.027966,
,1084200.954,3571855.322,-0.017380744,2020/4/2,-0.005361,
,1120085.837,3620067.967,0.013497928,2020/4/3,0.033098,
,1117228.498,3535056.082,-0.023483505,2020/4/7,-0.002551,
,1135640.424,3502156.353,-0.009306706,2020/4/8,0.01648,
,1108772.307,3588849.876,0.024754327,2020/4/9,-0.023659,
,1093531.123,3579691.773,-0.002551821,2020/4/10,-0.013746,
,1128982.308,3623818.663,0.012327008,2020/4/13,0.032419,
,1124483.314,3643435.881,0.00541341,2020/4/14,-0.003985,
,1142038.747,3697566.846,0.01485712,2020/4/15,0.015612,
,1149079.416,3649236.509,-0.013070849,2020/4/16,0.006165,
,1161968.64,3685200.97,0.009855338,2020/4/17,0.011217,
,1150883.459,3649010.808,-0.009820404,2020/4/20,-0.00954,
,1161816.852,3608213.222,-0.011180451,2020/4/21,0.0095,
,1154057.077,3617729.92,0.00263751,2020/4/22,-0.006679,
,1139399.398,3668722.224,0.014095111,2020/4/23,-0.012701,
,1147882.227,3682066.461,0.003637298,2020/4/24,0.007445,
,1154738.528,3735323.645,0.014463939,2020/4/27,0.005973,
,1154597.649,3824727.19,0.023934618,2020/4/28,-0.000122001,
,1176748.605,3790619.82,-0.008917595,2020/4/29,0.019185,
,1199968.209,3850242.216,0.015728931,2020/4/30,0.019732,
,1198020.66,3866942.059,0.004337349,2020/5/6,-0.001623,
,1208484.173,3886177.801,0.004974407,2020/5/7,0.008734,
,1195737.082,3944918.026,0.015115167,2020/5/8,-0.010548,
,1207863.052,3970941.795,0.006596783,2020/5/11,0.010141,
,1217262.642,4040430.012,0.017499178,2020/5/12,0.007782,
,1204164.896,4016686.382,-0.005876511,2020/5/13,-0.01076,
,1207954.403,4218420.157,0.05022393,2020/5/14,0.003147,
,1202579.006,4144947.726,-0.017417049,2020/5/15,-0.00445,
,1219219.091,4059019.6,-0.020730811,2020/5/18,0.013836999,
,1204433.621,4011478.906,-0.011712359,2020/5/19,-0.012127,
,1193808.108,4072202.933,0.015137566,2020/5/20,-0.008822,
,1163763.539,4384251.172,0.076628853,2020/5/21,-0.025167,
,1167008.112,4497999.615,0.025944783,2020/5/22,0.002788,
,1201507.206,4469504.281,-0.006335113,2020/5/25,0.029562,
,1177909.604,4580751.101,0.024890192,2020/5/26,-0.01964,
,1168521.665,4806584.471,0.049300511,2020/5/27,-0.00797,
,1186548.449,4741409.03,-0.013559616,2020/5/28,0.015427,
,1227238.754,4765397.079,0.005059266,2020/5/29,0.034292999,
,1219882.685,4848718.774,0.017484733,2020/6/1,-0.005994,
,1218649.384,4917022.94,0.014087054,2020/6/2,-0.001011,
,1223350.933,4887516.925,-0.006000788,2020/6/3,0.003858,
,1231875.243,4912006.698,0.005010678,2020/6/4,0.006968001,
,1224589.932,5048687.842,0.027825928,2020/6/5,-0.005914001,
,1240525.521,5019130.354,-0.005854489,2020/6/8,0.013013,
,1252125.675,4939667.636,-0.01583197,2020/6/9,0.009351,
,1248514.545,5057002.734,0.023753642,2020/6/10,-0.002884,
,1254840.768,5184597.35,0.025231273,2020/6/11,0.005067,
,1262111.316,5212983.191,0.005475033,2020/6/12,0.005794,
,1285373.289,5137321.004,-0.014514182,2020/6/15,0.018430999,
,1287365.618,5242780.422,0.020528096,2020/6/16,0.00155,
,1288543.557,5311360.508,0.013080862,2020/6/17,0.000915,
,1318918.395,5321457.277,0.001900976,2020/6/18,0.023573001,
,1332242.108,5316367.629,-0.000956439,2020/6/19,0.010102,
,1354513.2,5329720.571,0.002511667,2020/6/22,0.016717001,
,1354755.657,5508222.69,0.033491834,2020/6/23,0.000178999,
,1349104.972,5530610.642,0.00406446,2020/6/24,-0.004170999,
,1386441.452,5518025.744,-0.002275499,2020/6/29,0.027675,
,1375883.7,5546075.663,0.005083325,2020/6/30,-0.007615,
2020/Q3,1378592.815,5774077.36,0.041110455,2020/7/1,0.001969,
,1400297.38,5965019.141,0.033068795,2020/7/2,0.015744,
,1438353.262,6097182.889,0.022156467,2020/7/3,0.027177,
,1473480.726,6329458.248,0.038095521,2020/7/6,0.024422,
,1507999.959,6293528.937,-0.005676522,2020/7/7,0.023427,
,1568095.265,6542759.275,0.039601047,2020/7/8,0.039851,
,1579924.976,6495045.279,-0.007292641,2020/7/9,0.007544,
,1643025.599,6353530.246,-0.021788152,2020/7/10,0.039939,
,1625537.235,5938168.634,-0.065374933,2020/7/13,-0.010644,
,1599601.788,6025442.115,0.014697037,2020/7/14,-0.015955,
,1504753.4,6215879.748,0.031605587,2020/7/15,-0.059295,
,1513932.396,6228092.674,0.001964794,2020/7/16,0.0061,
,1533777.022,6341077.564,0.01814117,2020/7/17,0.013108,
,1556073.538,6520681.697,0.028323914,2020/7/20,0.014537,
,1574562.804,6153586.143,-0.056297113,2020/7/21,0.011882,
,1591988.491,6175491.209,0.003559724,2020/7/22,0.011067,
,1494280.197,6149521.394,-0.004205304,2020/7/23,-0.061375,
,1496508.169,6399207.425,0.040602514,2020/7/24,0.001491,
,1516274.049,6348343.206,-0.007948518,2020/7/27,0.013208,
,1573637.728,6537795.245,0.029842753,2020/7/28,0.037831999,
,1560121.754,6832964.509,0.045148135,2020/7/29,-0.008589,
,1589558.131,6859118.379,0.003827602,2020/7/30,0.018868,
,1631342.846,6990461.279,0.019148656,2020/7/31,0.026287,
,1610851.548,6956318.96,-0.00488413,2020/8/3,-0.012561,
,1626430.094,6872485.324,-0.012051436,2020/8/4,0.009671,
,1600348.661,6780795.117,-0.013341637,2020/8/5,-0.016036,
,1563716.68,6762064.418,-0.002762316,2020/8/6,-0.02289,
,1555360.178,6571750.827,-0.028144303,2020/8/7,-0.005344,
,1528886.392,6564403.131,-0.001118073,2020/8/10,-0.017021,
,1498635.846,6621500.93,0.008698095,2020/8/11,-0.019786,
,1491322.503,6820392.449,0.030037226,2020/8/12,-0.00488,
,1517520.566,6838191.523,0.002609685,2020/8/13,0.017567,
,1533260.289,6659111.963,-0.026188146,2020/8/14,0.010372,
,1535915.896,6521842.62,-0.020613761,2020/8/17,0.001732,
,1485748.275,6616021.207,0.014440488,2020/8/18,-0.032663,
,1471547.493,6719849.28,0.015693431,2020/8/19,-0.009558,
,1496903.728,6796914.904,0.011468356,2020/8/20,0.017231,
,1526573.856,6640697.788,-0.022983533,2020/8/21,0.019820999,
,1536226.383,6688852.55,0.007251461,2020/8/24,0.006323,
,1503552.384,6809779.302,0.018078849,2020/8/25,-0.021269,
,1529156.378,6801535.98,-0.001210512,2020/8/26,0.017029,
,1568203.386,6858668.363,0.008399924,2020/8/27,0.025535,
,1551414.2,6933429.076,0.010900179,2020/8/28,-0.010706,
,1563986.861,6872243.802,-0.008824677,2020/8/31,0.008104,
,1576170.319,6889952.382,0.002576826,2020/9/1,0.00779,
,1562013.157,6770196.734,-0.017381201,2020/9/2,-0.008982,
,1553598.592,6884332.08,0.016858498,2020/9/3,-0.005387,
,1501879.295,6650320.462,-0.033991913,2020/9/4,-0.03329,
,1507239.502,6404720.153,-0.036930598,2020/9/7,0.003569,
,1434890.499,6570775.672,0.025927053,2020/9/8,-0.048001,
,1411937.99,6734086.848,0.02485417,2020/9/9,-0.015996,
,1442409.024,6887851.844,0.02283383,2020/9/10,0.021581,
,1462869.596,6833707.534,-0.007860841,2020/9/11,0.014185,
,1475694.574,6782640.018,-0.007472886,2020/9/14,0.008767,
,1452747.523,6798937.515,0.002402825,2020/9/15,-0.01555,
,1454181.385,6808598.128,0.0014209,2020/9/16,0.000987,
,1476222.412,6619344.534,-0.027796264,2020/9/17,0.015157,
,1460946.463,6713556.924,0.014232888,2020/9/18,-0.010348,
,1453169.845,6561651.079,-0.022626731,2020/9/21,-0.005323,
,1478383.795,6603395.138,0.006361822,2020/9/22,0.017351,
,1441981.55,6533456.585,-0.010591302,2020/9/23,-0.024623001,
,1444572.791,6700948.708,0.025636066,2020/9/24,0.001797,
,1433666.267,6675713.218,-0.003765958,2020/9/25,-0.00755,
,1457624.264,6896862.705,0.03312747,2020/9/28,0.016711,
,1464094.658,7133802.768,0.03435476,2020/9/29,0.004439,
,1519920.587,7285296.966,0.021236107,2020/9/30,0.03813,
2020/Q4,1579316.044,7252555.23,-0.004494221,2020/10/9,0.039078,
,1583483.859,7179966.832,-0.010008665,2020/10/12,0.002639,
,1571842.085,7107505.326,-0.010092178,2020/10/13,-0.007352,
,1556898.583,7063657.433,-0.006169238,2020/10/14,-0.009507,
,1549241.756,7247284.495,0.025996032,2020/10/15,-0.004918,
,1529437.798,7097117.284,-0.02072048,2020/10/16,-0.012783,
,1558388.526,6947123.567,-0.021134457,2020/10/19,0.018929,
,1535614.236,6703955.016,-0.035002767,2020/10/20,-0.014614,
,1520290.342,6769993.684,0.009850703,2020/10/21,-0.009979,
,1478926.282,6823752.262,0.007940713,2020/10/22,-0.027208,
,1488536.345,6886174.638,0.009147808,2020/10/23,0.006498,
,1507312.743,6869641.728,-0.002400885,2020/10/26,0.012614,
,1518524.135,6753863.705,-0.016853575,2020/10/27,0.007438,
,1535265.863,6851491.28,0.01445507,2020/10/28,0.011025,
,1510213.395,6946754.478,0.013904009,2020/10/29,-0.016318,
,1540079.375,6934024.625,-0.001832489,2020/10/30,0.019776,
,1560508.528,7193858.191,0.037472259,2020/11/2,0.013265,
,1564057.125,7018838.546,-0.024329037,2020/11/3,0.002274,
,1585281.38,7303681.152,0.040582584,2020/11/4,0.01357,
,1554116.333,7163155.733,-0.019240355,2020/11/5,-0.019659,
,1600133.718,6808657.917,-0.049489056,2020/11/6,0.02961,
,1576944.58,6858567.423,0.0073303,2020/11/9,-0.014492,
,1524804.484,6824601.066,-0.004952398,2020/11/10,-0.033064,
,1535600.1,6825631.375,0.00015097,2020/11/11,0.00708,
,1539184.191,6799245.19,-0.00386575,2020/11/12,0.002334,
,1542365.684,6753382.885,-0.006745205,2020/11/13,0.002067,
,1511479.812,6850414.135,0.014367799,2020/11/16,-0.020024999,
,1490201.199,6959365.586,0.01590436,2020/11/17,-0.014078,
,1504127.129,6964972.681,0.000805691,2020/11/18,0.009345,
,1516597.847,6971704.144,0.000966474,2020/11/19,0.008291,
,1527552.233,6909611.361,-0.0089064,2020/11/20,0.007223,
,1520979.176,7119244.074,0.030339292,2020/11/23,-0.004303,
,1487277.319,7270216.957,0.021206308,2020/11/24,-0.022158,
,1483783.705,7182317.381,-0.012090365,2020/11/25,-0.002349,
,1489245.513,7371496.646,0.026339586,2020/11/26,0.003681,
,1496580.047,7335015.216,-0.004948986,2020/11/27,0.004925,
,1534425.563,7297769.26,-0.005077829,2020/11/30,0.025288,
,1525628.701,7384622.989,0.011901408,2020/12/1,-0.005733,
,1542428.925,7432739.107,0.006515718,2020/12/2,0.011012,
,1552846.49,7463319.017,0.004114218,2020/12/3,0.006754,
,1550371.252,7475501.215,0.001632276,2020/12/4,-0.001594,
,1561630.048,7526502.595,0.00682247,2020/12/7,0.007262,
,1534076.648,7526982.678,6.38E-05,2020/12/8,-0.017644,
,1545858.356,7647639.084,0.01602985,2020/12/9,0.00768,
,1528365.423,7748708.44,0.013215759,2020/12/10,-0.011316,
,1550439.605,7559644.465,-0.024399418,2020/12/11,0.014443,
,1568779.755,7644296.89,0.011197937,2020/12/14,0.011829,
,1569794.756,7603680.673,-0.00531327,2020/12/15,0.000647,
,1583996.689,7878966.836,0.03620433,2020/12/16,0.009047,
,1581218.359,7762344.963,-0.014801671,2020/12/17,-0.001754,
,1639056.164,7725125.319,-0.004794897,2020/12/18,0.036578,
,1598856.672,7800110.405,0.00970665,2020/12/21,-0.024526,
,1616610.377,8257470.616,0.058635094,2020/12/22,0.011104,
,1603976.567,8267161.947,0.001173644,2020/12/23,-0.007815,
,1615376.028,8121488.807,-0.017620695,2020/12/24,0.007107,
,1616518.099,8240140.323,0.014609577,2020/12/25,0.000707,
,1599565.674,8393309.508,0.018588177,2020/12/28,-0.010487,
,1649344.157,8941728.194,0.065339981,2020/12/29,0.03112,
,1686714.997,9186748.05,0.027401846,2020/12/30,0.022658,
,1750319.333,9028501.146,-0.017225563,2020/12/31,0.037709,
2021/Q1,1761615.894,9132356.481,0.011503054,2021/1/4,0.006454,
,1771347.06,9184041.06,0.005659501,2021/1/5,0.005524,
,1798246.737,9122927.535,-0.006654317,2021/1/6,0.015186,
,1791639.978,9421907.711,0.032772394,2021/1/7,-0.003674,
,1758706.052,9284034.772,-0.01463323,2021/1/8,-0.018382,
,1808454.57,9073816.896,-0.022642944,2021/1/11,0.028287,
,1779993.112,9076494.82,0.000295127,2021/1/12,-0.015738,
,1756611.123,9285724.795,0.023051848,2021/1/13,-0.013136,
,1757048.519,9214187.119,-0.007704049,2021/1/14,0.000249,
,1790743.438,9619764.515,0.044016622,2021/1/15,0.019177,
,1753945.451,9710616.25,0.009444278,2021/1/18,-0.020549,
,1822433.513,9724741.663,0.001454636,2021/1/19,0.039048,
,1867236.219,9734314.857,0.000984416,2021/1/20,0.024584,
,1909609.41,9454761.602,-0.028718329,2021/1/21,0.022693,
,1907904.129,9577294.935,0.01295996,2021/1/22,-0.000893,
,1852811.49,9390704.225,-0.019482611,2021/1/25,-0.028876,
,1865705.205,9329416.518,-0.006526423,2021/1/26,0.006959,
,1797942.792,9553143.23,0.023980783,2021/1/27,-0.03632,
,1779179.461,9784052.607,0.024171037,2021/1/28,-0.010436,
,1796880.517,9490786.359,-0.029973903,2021/1/29,0.009949,
,1835948.293,9570069.777,0.008353725,2021/2/1,0.021742,
,1833142.964,9586800.43,0.001748227,2021/2/2,-0.001528,
,1819940.669,9610812.134,0.002504663,2021/2/3,-0.007202,
,1816049.636,9766177.099,0.016165644,2021/2/4,-0.002138,
,1864015.139,10388180.25,0.063689522,2021/2/5,0.026412,
,1895962.494,10650250.04,0.025227689,2021/2/8,0.017139,
,1941207.743,10418577.82,-0.021752749,2021/2/9,0.023864,
,1887946.826,10524825.95,0.01019795,2021/2/10,-0.027437,
,1868266.869,10702873.24,0.016916886,2021/2/18,-0.010424,
,1784755.339,10550339.82,-0.014251633,2021/2/19,-0.044700001,
,1769791.951,10551874.11,0.000145426,2021/2/22,-0.008384,
,1710141.113,10440120.69,-0.01059086,2021/2/23,-0.033705,
,1692923.412,10786107.93,0.033140157,2021/2/24,-0.010068,
,1657063.909,10839123.45,0.004915167,2021/2/25,-0.021182,
,1702918.181,10905339.54,0.006108989,2021/2/26,0.027672,
,1687075.933,10715465.52,-0.017411106,2021/3/1,-0.009303,
,1704621.523,10929474.49,0.019971971,2021/3/2,0.0104,
,1621671.23,11099635.53,0.015569005,2021/3/3,-0.048662,
,1633100.769,10860781.76,-0.021519064,2021/3/4,0.007048,
,1551713.559,10950707.87,0.008279893,2021/3/5,-0.049836,
,1497468.757,11033734.03,0.007581808,2021/3/8,-0.034958,
,1522063.184,11185698.23,0.01377269,2021/3/9,0.016424,
,1561795.121,10987742.48,-0.017697218,2021/3/10,0.026104,
,1567617.493,11052334.35,0.005878539,2021/3/11,0.003728,
,1503476.856,11436815.82,0.034787354,2021/3/12,-0.040916,
,1519457.311,11621500.54,0.016148264,2021/3/15,0.010629,
,1537664.968,11166648.86,-0.039138807,2021/3/16,0.011983,
,1563021.064,11473388.62,0.027469276,2021/3/17,0.01649,
,1519117.365,11255523.75,-0.018988711,2021/3/18,-0.028089,
,1534323.73,11137236.25,-0.010509285,2021/3/19,0.01001,
,1517162.319,11463105.2,0.029259409,2021/3/22,-0.011185,
,1498131.035,11821713.87,0.031283729,2021/3/23,-0.012544,
,1510291.364,11916319.85,0.00800273,2021/3/24,0.008117,
,1561127.772,12064429.38,0.012429133,2021/3/25,0.03366,
,1554624.113,12023401.09,-0.003400765,2021/3/26,-0.004166,
,1575868.052,12244236.01,0.018367092,2021/3/29,0.013665,
,1568578.086,12442192.54,0.016167324,2021/3/30,-0.004626,
,1600939.421,12534132.86,0.007389399,2021/3/31,0.020631,
2021/Q2,1621874.905,12652816.03,0.009468798,2021/4/1,0.013076999,
,1610143.884,12812099.86,0.012588804,2021/4/2,-0.007233,
,1596270.885,12811423.81,-5.28E-05,2021/4/6,-0.008616,
,1607522.998,12549128.82,-0.020473524,2021/4/7,0.007049,
,1582694.805,12585024.48,0.002860411,2021/4/8,-0.015445,
,1546658.427,12842764.63,0.020479908,2021/4/9,-0.022769,
,1559679.745,12865922.78,0.001803206,2021/4/12,0.008419,
,1594683.637,12998108.08,0.010274063,2021/4/13,0.022443,
,1586856.93,13357104.59,0.027619135,2021/4/14,-0.004908,
,1582723.168,13383488.26,0.001975254,2021/4/15,-0.002605,
,1648319.129,13613331.83,0.017173667,2021/4/16,0.041445,
,1646829.049,13769039.33,0.011437869,2021/4/19,-0.000904,
,1658694.452,13693169.78,-0.005510156,2021/4/20,0.007205,
,1671443.178,13699848.72,0.000487757,2021/4/21,0.007686,
,1702771.037,13704101.03,0.000310391,2021/4/22,0.018743,
,1688508.627,13751416.65,0.003452661,2021/4/23,-0.008376,
,1697964.275,13626981.71,-0.009048881,2021/4/26,0.0056,
,1734670.867,13721289.21,0.006920645,2021/4/27,0.021618,
,1735144.432,13585684.36,-0.009882807,2021/4/28,0.000273,
,1757876.559,13168806.58,-0.030685078,2021/4/29,0.013101,
,1714328.683,13066104.57,-0.007798885,2021/4/30,-0.024773,
,1654963.195,13019952.35,-0.003532209,2021/5/6,-0.034629,
,1661394.382,13252943.03,0.017894895,2021/5/7,0.003886,
,1661178.401,13233202.06,-0.001489554,2021/5/10,-0.00013,
,1683361.777,13437380.31,0.01542924,2021/5/11,0.013354,
,1673844.05,13670936.03,0.017381046,2021/5/12,-0.005654,
,1725128.958,13877978.59,0.015144724,2021/5/13,0.030639,
,1770013.363,13954169.32,0.005490045,2021/5/14,0.026018,
,1757152.446,14101154.98,0.010533458,2021/5/17,-0.007266,
,1771141.136,14126671.67,0.001809547,2021/5/18,0.007961,
,1787570.242,14468109.43,0.024169724,2021/5/19,0.009276,
,1770307.676,14675821.65,0.014356556,2021/5/20,-0.009657,
,1785335.818,15275848.72,0.040885416,2021/5/21,0.008489,
,1835187.75,16199308.04,0.060452243,2021/5/24,0.027923,
,1817839.72,16305775.51,0.006572347,2021/5/25,-0.009453,
,1834478.407,17720264,0.086747698,2021/5/26,0.009153,
,1837995.102,17729321.61,0.000511144,2021/5/27,0.001917,
,1881653,17174655.27,-0.031285254,2021/5/28,0.023753,
,1876585.708,17067776.83,-0.006223033,2021/5/31,-0.002693,
,1844096.38,17508748.42,0.025836499,2021/6/1,-0.017313,
,1820646.85,17786040.16,0.015837325,2021/6/2,-0.012716,
,1843861.918,18137292.72,0.019748778,2021/6/3,0.012751,
,1835691.766,18360407.41,0.012301433,2021/6/4,-0.004431,
,1824505.06,18851887.46,0.026768472,2021/6/7,-0.006094,
,1823966.831,18810901.8,-0.002174088,2021/6/8,-0.000295,
,1868254.57,18912803.35,0.005417154,2021/6/9,0.024281,
,1875639.78,18432611.44,-0.02538978,2021/6/10,0.003953,
,1854992.738,18885109.77,0.024548791,2021/6/11,-0.011008,
,1777381.696,19445951.51,0.029697563,2021/6/15,-0.041839,
,1813144.394,20119921.64,0.034658635,2021/6/16,0.020121001,
,1841937.127,19876172.28,-0.012114827,2021/6/17,0.01588,
,1859763.394,19898284.08,0.001112478,2021/6/18,0.009678,
,1866253.968,20007502.48,0.005488835,2021/6/21,0.00349,
,1887267.988,20018502.25,0.000549782,2021/6/22,0.01126,
,1864643.419,20799963.34,0.039036941,2021/6/23,-0.011988,
,1903618.196,21137930.7,0.016248459,2021/6/24,0.020902,
,1940672.124,21786197.43,0.03066841,2021/6/25,0.019465,
,1936905.28,21662239.31,-0.005689755,2021/6/28,-0.001941,
,1977243.269,21423884.91,-0.011003221,2021/6/29,0.020826,
,1964836.068,22183866.03,0.035473544,2021/6/30,-0.006275,
2021/Q3,1895768.15,22104318.16,-0.003585843,2021/7/1,-0.035152,
,1906128.523,22759602,0.02964506,2021/7/2,0.005465,
,1871936.39,23323617.92,0.024781449,2021/7/5,-0.017938,
,1938807.573,23445739.61,0.005235967,2021/7/6,0.035723,
,1952096.16,24748074.45,0.055546759,2021/7/7,0.006854,
,1938648.17,24929400.82,0.007326888,2021/7/8,-0.006889,
,2009984.607,24693260.86,-0.009472348,2021/7/9,0.036797,
,1998732.713,24503783.29,-0.00767325,2021/7/12,-0.005598,
,1983750.212,24605313.38,0.004143445,2021/7/13,-0.007496,
,2011479.073,24796517.68,0.007770854,2021/7/14,0.013978,
,1951917.166,25076137,0.011276556,2021/7/15,-0.029611,
,1961514.743,25581932.74,0.020170401,2021/7/16,0.004917,
,1969625.606,26872418.33,0.050445195,2021/7/19,0.004135,
,2024359.532,27187923.55,0.011740857,2021/7/20,0.027789,
,2015482.716,27524318.01,0.012372937,2021/7/21,-0.004385,
,1973083.006,26832884.58,-0.02512082,2021/7/22,-0.021037,
,1916990.229,26797009.89,-0.001336967,2021/7/23,-0.028429,
,1838297.78,28545636.25,0.065254532,2021/7/26,-0.04105,
,1867912.757,28167816.84,-0.013235628,2021/7/27,0.01611,
,1967309.999,28957258.94,0.028026386,2021/7/28,0.053213,
,1956198.632,28763190.9,-0.006701879,2021/7/29,-0.005648,
,1986437.55,29669556.05,0.031511287,2021/7/30,0.015458,
,1977266.168,30328152.07,0.022197704,2021/8/2,-0.004617,
,2026110.574,29662048.11,-0.021963223,2021/8/3,0.024703,
,2008694.128,29643777.52,-0.000615958,2021/8/4,-0.008596,
,1985039.746,29780933.59,0.004626808,2021/8/5,-0.011776,
,1965618.117,30310920.49,0.017796182,2021/8/6,-0.009784,
,1972397.534,30747760.83,0.014411979,2021/8/9,0.003449,
,1954421.103,30297646.57,-0.014638928,2021/8/10,-0.009114,
,1925634.434,30026615.63,-0.00894561,2021/8/11,-0.014729,
,1902147.471,29605494.48,-0.014024929,2021/8/12,-0.012197,
,1877278.795,29421325.71,-0.006220763,2021/8/13,-0.013074,
,1833357.98,29970620.02,0.018669938,2021/8/16,-0.023396,
,1847130.165,29701124.86,-0.008991978,2021/8/17,0.007512,
,1864179.177,30260582.53,0.018836245,2021/8/18,0.00923,
,1815585.618,30251637.71,-0.000295593,2021/8/19,-0.026067,
,1872943.599,30214770.21,-0.001218694,2021/8/20,0.031592,
,1893875.617,29576596.75,-0.021121242,2021/8/23,0.011176,
,1904157.468,29209689.49,-0.012405324,2021/8/24,0.005429,
,1856271.716,29199140.93,-0.000361132,2021/8/25,-0.025148,
,1852076.541,28817040.05,-0.013086031,2021/8/26,-0.00226,
,1860453.484,28845360.45,0.000982766,2021/8/27,0.004523,
,1827651.828,28286429.81,-0.019376795,2021/8/30,-0.017631,
,1812146.03,27912558.03,-0.013217355,2021/8/31,-0.008484,
,1784824.305,28457104.33,0.019509008,2021/9/1,-0.015077,
,1763979.341,29124710.44,0.023460086,2021/9/2,-0.011679001,
,1835595.139,29267897.44,0.004916341,2021/9/3,0.040599,
,1848901.368,29449898.93,0.006218468,2021/9/6,0.007249,
,1830967.025,29445524.6,-0.000148535,2021/9/7,-0.0097,
,1832100.393,28757281.22,-0.023373446,2021/9/8,0.000619,
,1837825.707,29033713.46,0.0096126,2021/9/9,0.003125,
,1816369.092,28771765.33,-0.009022206,2021/9/10,-0.011675,
,1840406.92,28191302.75,-0.020174729,2021/9/13,0.013234,
,1819853.256,28167081.37,-0.000859179,2021/9/14,-0.011168,
,1779164.977,28770346.31,0.021417375,2021/9/15,-0.022358,
,1815794.425,28722082.27,-0.001677562,2021/9/16,0.020588,
,1799341.512,28707756.71,-0.000498765,2021/9/17,-0.009061,
,1809655.338,28852068.25,0.005026918,2021/9/22,0.005732,
,1824071.052,28953766.4,0.003524813,2021/9/23,0.007966,
,1837583.77,28287619.41,-0.023007265,2021/9/24,0.007408,
,1826137.461,29373132.16,0.038374129,2021/9/27,-0.006229,
,1805494.803,29404752.43,0.001076503,2021/9/28,-0.011304,
,1845011.668,29711469.77,0.010430876,2021/9/29,0.021887,
,1844192.483,29187958.03,-0.017619853,2021/9/30,-0.000444,
2021/Q4,1817459.069,30124649.23,0.0320917,2021/10/8,-0.014496,
,1784521.258,30490143.32,0.012132725,2021/10/11,-0.018123,
,1825402.855,31342799.49,0.027964977,2021/10/12,0.022909,
,1828573.58,30731179.71,-0.019513885,2021/10/13,0.001737,
,1863023.906,30954187.92,0.007256741,2021/10/14,0.01884,
,1863117.058,31036253.09,0.002651181,2021/10/15,5.00E-05,
,1874949.714,31214412.69,0.005740371,2021/10/18,0.006351,
,1868029.275,30851554.64,-0.011624696,2021/10/19,-0.003691,
,1864825.604,31134173.25,0.009160595,2021/10/20,-0.001715,
,1867910.026,30690471.36,-0.014251282,2021/10/21,0.001654,
,1898452.223,29961419.15,-0.023755002,2021/10/22,0.016351,
,1892147.463,29472987.19,-0.01630203,2021/10/25,-0.003321,
,1881585.496,30145798.35,0.022828061,2021/10/26,-0.005582,
,1864182.712,30315682.85,0.005635429,2021/10/27,-0.009249,
,1905299.125,30164748.64,-0.00497875,2021/10/28,0.022056,
,1894637.072,30427905.47,0.008723985,2021/10/29,-0.005596,
,1899006.105,30923149.23,0.016275973,2021/11/1,0.002306,
,1891892.428,31020540.03,0.003149447,2021/11/2,-0.003746,
,1911887.839,31182797.24,0.005230638,2021/11/3,0.010569,
,1906488.668,31617503.13,0.013940568,2021/11/4,-0.002824,
,1922148.565,31821366.68,0.006447807,2021/11/5,0.008214,
,1939007.731,31920240.33,0.003107147,2021/11/8,0.008771,
,1933163.561,32137432.24,0.006804206,2021/11/9,-0.003014,
,1952257.418,32587915.52,0.014017401,2021/11/10,0.009877,
,1950494.529,31652256.33,-0.028711846,2021/11/11,-0.000903,
,1934420.504,31870715.69,0.006901857,2021/11/12,-0.008241,
,1929781.764,31958951.22,0.002768546,2021/11/15,-0.002398,
,1945484.398,32558136.47,0.018748589,2021/11/16,0.008137,
,1924204.689,33684503.47,0.034595561,2021/11/17,-0.010938,
,1944137.526,33377282.28,-0.00912055,2021/11/18,0.010359,
,1993475.848,33332172.72,-0.001351505,2021/11/19,0.025378,
,1986107.961,33046276.03,-0.008577199,2021/11/22,-0.003696,
,1978086.071,33604100.56,0.016880102,2021/11/23,-0.004039,
,1975690.609,34097081.22,0.014670253,2021/11/24,-0.001211,
,1972515.674,34046763.81,-0.00147571,2021/11/25,-0.001607,
,1992157.985,33750050.67,-0.008714871,2021/11/26,0.009958,
,1987713.481,33238574.52,-0.015154826,2021/11/29,-0.002231,
,1975073.611,34030399.53,0.023822472,2021/11/30,-0.006359,
,1971403.924,33382511.93,-0.019038495,2021/12/1,-0.001858,
,1978086.983,32618828.84,-0.022876741,2021/12/2,0.00339,
,1936729.141,33437998.06,0.025113385,2021/12/3,-0.020908,
,1915603.299,32064355.87,-0.041080276,2021/12/6,-0.010908,
,1947400.398,32058611.01,-0.000179166,2021/12/7,0.016599,
,1967082.774,32118878.52,0.001879916,2021/12/8,0.010107,
,1971335.607,31908164.64,-0.006560437,2021/12/9,0.002162,
,1988488.198,31951185.54,0.001348272,2021/12/10,0.008701,
,1987406.461,32546643.83,0.018636501,2021/12/13,-0.000544,
,1970175.647,31863917.98,-0.020976843,2021/12/14,-0.00867,
,1984784.499,30918833.6,-0.029660018,2021/12/15,0.007415,
,1952879.088,31322291.15,0.013048925,2021/12/16,-0.016075,
,1895030.904,31180750.54,-0.004518846,2021/12/17,-0.029622,
,1905165.529,30536059.58,-0.020675928,2021/12/20,0.005348,
,1915554.397,30132441.64,-0.013217748,2021/12/21,0.005453,
,1918398.995,30601692.4,0.015572942,2021/12/22,0.001485,
,1874843.664,31136888.81,0.017489112,2021/12/23,-0.022704,
,1872970.695,30726577.98,-0.013177644,2021/12/24,-0.000999,
,1892728.663,31212346.94,0.015809407,2021/12/27,0.010549,
,1866194.5,31082777.61,-0.004151221,2021/12/28,-0.014019,
,1889451.016,29817315.27,-0.040712653,2021/12/29,0.012462,
,1889381.106,29101751.46,-0.023998264,2021/12/30,-3.70E-05,
,1848147.253,29050002.38,-0.001778212,2021/12/31,-0.021824,
2022/Q1,1797737.189,28510153.23,-0.018583446,2022/1/4,-0.027276,
,1778388.143,29366293.16,0.0300293,2022/1/5,-0.010763,
,1760988.394,28514648.65,-0.029000749,2022/1/6,-0.009784,
,1760310.413,28950567.35,0.015287535,2022/1/7,-0.000385,
,1737829.489,28484289.86,-0.016105988,2022/1/10,-0.012771,
,1783623.034,28957046.59,0.016597104,2022/1/11,0.026351,
,1753176.588,29624725.27,0.023057554,2022/1/12,-0.01707,
,1773799.205,29451455.94,-0.005848808,2022/1/13,0.011763,
,1802799.048,28983632.78,-0.015884551,2022/1/14,0.016349,
,1787972.828,28134458.3,-0.029298414,2022/1/17,-0.008224,
,1749102.299,27667897.34,-0.016583257,2022/1/18,-0.02174,
,1743426.462,27980009.39,0.011280657,2022/1/19,-0.003245,
,1725620.848,27312976.22,-0.023839634,2022/1/20,-0.010213,
,1737990.098,27370086.82,0.002090969,2022/1/21,0.007168,
,1691658.758,26440407.62,-0.03396698,2022/1/24,-0.026658,
,1708409.563,26581066.77,0.005319856,2022/1/25,0.009902,
,1652882.835,26641899.3,0.002288566,2022/1/26,-0.032502,
,1654124.15,26317437.49,-0.012178629,2022/1/27,0.000751,
,1659195.695,26966992.2,0.024681533,2022/1/28,0.003066,
,1618605.132,26529025.95,-0.016240827,2022/2/7,-0.024464,
,1639710.124,25682769.09,-0.031899281,2022/2/8,0.013039,
,1607252.062,25658208.28,-0.000956315,2022/2/9,-0.019795,
,1561684.859,25658208.28,0,2022/2/10,-0.028351,
,1553512.562,25658208.28,0,2022/2/11,-0.005233,
,1601523.868,25658208.28,0,2022/2/14,0.030905,
,1602633.724,25658208.28,0,2022/2/15,0.000693,
,1614818.548,25658208.28,0,2022/2/16,0.007603,
,1607419.449,25571201.66,-0.003390986,2022/2/17,-0.004582,
,1594786.74,25405751.22,-0.006470186,2022/2/18,-0.007859,
,1572788.252,25340536.93,-0.00256691,2022/2/21,-0.013794,
,1617117.288,26732082.48,0.054913815,2022/2/22,0.028184999,
,1583018.753,26283093.71,-0.016795877,2022/2/23,-0.021086,
,1623906.545,26605915.23,0.012282478,2022/2/24,0.025829,
,1638409.654,26639504.59,0.001262477,2022/2/25,0.008931,
,1640957.381,26533648.63,-0.003973646,2022/2/28,0.001555,
,1611871.411,26275494.1,-0.009729327,2022/3/1,-0.017725,
,1587598.24,25718505.78,-0.021198015,2022/3/2,-0.015059,
,1562969.828,25463926.91,-0.009898665,2022/3/3,-0.015513,
,1495719.926,24463215.35,-0.039299185,2022/3/4,-0.043026999,
,1468774.531,23703616.66,-0.031050648,2022/3/7,-0.018015,
,1459524.189,23976114.01,0.011496025,2022/3/8,-0.006298,
,1498461.375,24481636.74,0.021084431,2022/3/9,0.026678,
,1515672.703,24572272.37,0.003702188,2022/3/10,0.011486,
,1461643.518,23695476.29,-0.035682336,2022/3/11,-0.035647,
,1424304.373,23044190.34,-0.027485666,2022/3/14,-0.025546,
,1498396.686,23954675.66,0.039510406,2022/3/15,0.05202,
,1541409.661,24226508.34,0.011347792,2022/3/16,0.028706,
,1543154.537,24578126.81,0.014513791,2022/3/17,0.001132,
,1550197.494,24767363.95,0.007699413,2022/3/18,0.004564,
,1528620.295,24372975.9,-0.015923699,2022/3/21,-0.013919,
,1544383.428,24433963.81,0.002502276,2022/3/22,0.010312,
,1538845.269,24766787.39,0.013621351,2022/3/23,-0.003586,
,1500024.819,24635717.66,-0.005292157,2022/3/24,-0.025227,
,1475109.407,24384375.5,-0.010202348,2022/3/25,-0.01661,
,1474277.445,24109434.64,-0.011275288,2022/3/28,-0.000564,
,1533506.542,24874718.11,0.031742075,2022/3/29,0.040175,
,1512278.211,24295998.94,-0.023265356,2022/3/30,-0.013843,
,1516529.225,24413243.89,0.00482569,2022/3/31,0.002811,
2022/Q2,1497730.329,23915660.84,-0.020381685,2022/4/1,-0.012396,
,1466240.548,23414604.24,-0.020950983,2022/4/6,-0.021025001,
,1461337.44,22722918.81,-0.02954077,2022/4/7,-0.003344,
,1400000.724,21786301.78,-0.041219045,2022/4/8,-0.041973,
,1435056.742,22022115.15,0.010823928,2022/4/11,0.02504,
,1402727.783,21466196.04,-0.025243675,2022/4/12,-0.022528,
,1402416.378,21588967.77,0.005719306,2022/4/13,-0.000222,
,1399043.566,21207403.23,-0.017674052,2022/4/14,-0.002405,
,1414630.311,21404445.15,0.009291186,2022/4/15,0.011141,
,1395166.412,21220545.53,-0.008591656,2022/4/18,-0.013759,
,1344050.305,20759152.99,-0.021742727,2022/4/19,-0.036638,
,1314938.176,20286050.48,-0.022790068,2022/4/20,-0.02166,
,1305919.015,20023419.6,-0.012946378,2022/4/21,-0.006859,
,1233366.072,18817129.38,-0.060243967,2022/4/22,-0.055557,
,1222851.626,18432732.08,-0.020428052,2022/4/25,-0.008525,
,1290324.911,19270282.49,0.045438213,2022/4/26,0.055177001,
,1266717.126,19028549.02,-0.012544365,2022/4/27,-0.018296,
,1318737.398,19882140.91,0.044858485,2022/4/28,0.041067,
,1301261.49,20075854.99,0.00974312,2022/4/29,-0.013252,
,1276563.547,19949821.2,-0.006277879,2022/5/5,-0.01898,
,1266956.13,20016324.58,0.003333532,2022/5/6,-0.007526,
,1294404.734,20591043.17,0.028712494,2022/5/9,0.021665,
,1334098.95,21218463.59,0.030470551,2022/5/10,0.030666,
,1337009.954,21249781.62,0.00147598,2022/5/11,0.002182,
,1340927.393,21195438.37,-0.002557356,2022/5/12,0.00293,
,1325614.002,20931156.04,-0.012468831,2022/5/13,-0.01142,
,1347141.974,21312268.49,0.018207903,2022/5/16,0.01624,
,1345031.002,21321327.52,0.000425062,2022/5/17,-0.001567,
,1351711.771,21390771.61,0.003257024,2022/5/18,0.004967,
,1374582.734,21930140.35,0.025215021,2022/5/19,0.01692,
,1370472.732,22124437.75,0.008859834,2022/5/20,-0.00299,
,1318131.637,21064252.78,-0.047919183,2022/5/23,-0.038192,
,1322408.975,21264852.89,0.009523249,2022/5/24,0.003245001,
,1319871.272,21252427.5,-0.000584316,2022/5/25,-0.001919,
,1320638.117,20879435.37,-0.017550566,2022/5/26,0.000581,
,1336504.263,21339715.45,0.022044661,2022/5/27,0.012014,
,1367608.727,21702431.97,0.016997252,2022/5/30,0.023273,
,1381183.611,21765815.62,0.002920578,2022/5/31,0.009926,
,1397843.448,22722219.54,0.043940643,2022/6/1,0.012062,
,1452661.277,23336419.75,0.027030819,2022/6/2,0.039216,
,1452642.392,23106716.28,-0.009843132,2022/6/6,-1.30E-05,
,1464986.947,22892748.81,-0.009259969,2022/6/7,0.008498,
,1421696.583,22240211.61,-0.0285041,2022/6/8,-0.02955,
,1453691.864,22783888.71,0.02444568,2022/6/9,0.022505,
,1448013.744,23149874.33,0.016063352,2022/6/10,-0.003906,
,1449051.97,23622118.43,0.020399424,2022/6/13,0.000717,
,1464275.71,23341711.19,-0.011870537,2022/6/14,0.010506,
,1470181.134,23864704.03,0.022405934,2022/6/15,0.004033,
,1510975.72,24382953.15,0.021716135,2022/6/16,0.027748,
,1541072.845,24722012.78,0.013905602,2022/6/17,0.019919,
,1531317.854,24480137.36,-0.009783808,2022/6/20,-0.00633,
,1522390.271,24622749.87,0.005825642,2022/6/21,-0.00583,
,1569482.369,25813065.78,0.048342119,2022/6/22,0.030933,
,1606067.003,25829421.7,0.00063363,2022/6/23,0.02331,
,1609568.229,26108853.06,0.010818336,2022/6/24,0.00218,
,1615153.431,26184870.63,0.002911563,2022/6/27,0.00347,
,1574320.737,25652647.68,-0.02032559,2022/6/28,-0.025281,
,1598198.46,26064291.13,0.016046821,2022/6/29,0.015167,
,1581903.228,26388966.95,0.012456729,2022/6/30,-0.010196,
2022/Q3,1611896.113,26932596.26,0.020600629,2022/7/1,0.01896,
,1606460.8,26429365.84,-0.018684809,2022/7/4,-0.003372,
,1593715.14,26543330.71,0.004312055,2022/7/5,-0.007934,
,1620435.368,27038263.65,0.018646226,2022/7/6,0.016766,
,1602200.609,26762927.5,-0.010183204,2022/7/7,-0.011253,
,1573667.018,27157226.32,0.014733023,2022/7/8,-0.017809,
,1536838.489,26227364.29,-0.034239949,2022/7/11,-0.023403,
,1561953.503,26546991.36,0.012186778,2022/7/12,0.016342,
,1603048.5,27344856.72,0.030054832,2022/7/13,0.02631,
,1569709.9,27116140.13,-0.008364154,2022/7/14,-0.020797,
,1592374.942,27663518.19,0.02018643,2022/7/15,0.014439,
,1564232.899,27607039.15,-0.002041644,2022/7/18,-0.017673,
,1572362.218,28211266.67,0.02188672,2022/7/19,0.005197,
,1564546.005,28157174.42,-0.001917399,2022/7/20,-0.004971,
,1556527.707,27626004.56,-0.018864459,2022/7/21,-0.005125,
,1538121.767,27431168.46,-0.007052634,2022/7/22,-0.011825,
,1542962.236,27388735.66,-0.001546883,2022/7/25,0.003147,
,1543412.781,27644631.03,0.009343088,2022/7/26,0.000292,
,1538665.243,28016157.29,0.013439364,2022/7/27,-0.003076,
,1518507.19,27681089.01,-0.011959823,2022/7/28,-0.013101,
,1554492.773,27835902.17,0.005592741,2022/7/29,0.023698,
,1523152.644,27265318.94,-0.020498105,2022/8/1,-0.020161,
,1494832.667,26711419.16,-0.020315177,2022/8/2,-0.018593,
,1501632.661,26860728.2,0.005589708,2022/8/3,0.004549,
,1525984.638,27403051.09,0.020190178,2022/8/4,0.016217,
,1521482.983,27651384.97,0.009062271,2022/8/5,-0.00295,
,1532352.458,27502656.25,-0.005378708,2022/8/8,0.007144,
,1511759.173,27414256.63,-0.003214221,2022/8/9,-0.013439,
,1547530.419,27518438.5,0.003800281,2022/8/10,0.023662,
,1530094.393,27164930.67,-0.012846217,2022/8/11,-0.011267,
,1545880.377,27388993.3,0.008248231,2022/8/12,0.010317,
,1553158.382,27123873.38,-0.009679798,2022/8/15,0.004708,
,1579610.222,27012908.68,-0.004091035,2022/8/16,0.017031,
,1578422.355,26998671.38,-0.000527055,2022/8/17,-0.000752,
,1554764.961,26463365.89,-0.019827105,2022/8/18,-0.014988,
,1580238.23,26710349.67,0.009333045,2022/8/19,0.016384,
,1580971.461,26478427.3,-0.008682865,2022/8/22,0.000464,
,1523392.48,25441638.11,-0.039155996,2022/8/23,-0.03642,
,1516712.404,25121072.54,-0.012600036,2022/8/24,-0.004385,
,1501354.174,24877041.26,-0.009714206,2022/8/25,-0.010126,
,1495790.156,25028166.06,0.00607487,2022/8/26,-0.003706,
,1485348.045,24879307.93,-0.005947624,2022/8/29,-0.006981,
,1461621.095,24233246.06,-0.025967839,2022/8/30,-0.015974,
,1440830.997,24178229.46,-0.002270294,2022/8/31,-0.014224,
,1440358.404,24291878.17,0.004700456,2022/9/1,-0.000328,
,1443303.937,24375166.2,0.003428637,2022/9/2,0.002045,
,1444686.622,24815860.47,0.018079642,2022/9/5,0.000958,
,1461839.386,25311026.84,0.019953625,2022/9/6,0.011873,
,1434662.33,25027141.79,-0.011215865,2022/9/7,-0.018591,
,1448997.476,25165280.36,0.00551955,2022/9/8,0.009992,
,1450368.228,24910571.73,-0.01012143,2022/9/9,0.000946,
,1423755.421,25046235.2,0.00544602,2022/9/13,-0.018349,
,1378472.88,24056019.78,-0.039535499,2022/9/14,-0.031805,
,1346178.018,23842969.7,-0.008856414,2022/9/15,-0.023428,
,1336498.998,23368759.46,-0.019888892,2022/9/16,-0.00719,
,1345897.259,23754668.03,0.016513866,2022/9/19,0.007032,
,1325774.749,23150286.47,-0.025442644,2022/9/20,-0.014951,
,1318896.629,23590571.35,0.01901855,2022/9/21,-0.005188,
,1310074.53,22929397.41,-0.028027042,2022/9/22,-0.006689,
,1320962.559,22941608.26,0.000532541,2022/9/23,0.008311,
,1350352.655,23641350.6,0.030501015,2022/9/26,0.022249,
,1315685.051,22964088.82,-0.028647339,2022/9/27,-0.025673,
,1326617.079,23269544.56,0.013301452,2022/9/28,0.008309001,
,1301582.488,22660647.76,-0.026167113,2022/9/29,-0.018871,
,1271601.837,23088684.66,0.018888996,2022/9/30,-0.023034,
2022/Q4,1286185.838,23676998.15,0.025480598,2022/10/10,0.011469,
,1332476.953,23994769.46,0.013421098,2022/10/11,0.035991,
,1336676.92,24517721.16,0.021794404,2022/10/12,0.003152,
,1384177.071,24789207.87,0.011073081,2022/10/13,0.035536,
,1384633.849,25289423.57,0.020178769,2022/10/14,0.00033,
,1391403.324,25420516.72,0.005183714,2022/10/17,0.004889,
,1379478.998,25076805.99,-0.013520997,2022/10/18,-0.00857,
,1365695.244,25013215.24,-0.00253584,2022/10/19,-0.009992,
,1361965.53,24899013.7,-0.004565648,2022/10/20,-0.002731,
,1328804.393,24747005.62,-0.006104984,2022/10/21,-0.024348,
,1316130.257,25436642.86,0.027867502,2022/10/24,-0.009538,
,1349295.423,24939707.24,-0.019536211,2022/10/25,0.025199,
,1329038.451,24074307.63,-0.03469967,2022/10/26,-0.015013,
,1279713.847,24239719.6,0.006870892,2022/10/27,-0.037113,
,1287997.435,24902331.28,0.027335782,2022/10/28,0.006473,
,1329266.161,25366947.38,0.018657535,2022/10/31,0.032041,
,1350993.016,25465577.29,0.003888127,2022/11/1,0.016345,
,1351106.499,25972227.81,0.019895505,2022/11/2,8.40E-05,
,1393846.051,25774769.87,-0.007602657,2022/11/3,0.031633,
,1395819.737,25608095.87,-0.006466556,2022/11/4,0.001416,
,1383144.298,25698094.76,0.00351447,2022/11/7,-0.009081,
,1364341.835,25154818.06,-0.021140738,2022/11/8,-0.013594,
,1340340.333,25017399.56,-0.00546291,2022/11/9,-0.017592,
,1367743.591,24827083.19,-0.00760736,2022/11/10,0.020445,
,1350620.809,25525983.38,0.028150717,2022/11/11,-0.012519,
,1382762.883,25027891.01,-0.019513151,2022/11/14,0.023798,
,1366370.229,25139935.75,0.004476795,2022/11/15,-0.011855,
,1356678.565,25094671.5,-0.001800492,2022/11/16,-0.007093,
,1358895.378,25623792.12,0.021084979,2022/11/17,0.001634,
,1357494.357,25270588.2,-0.013784217,2022/11/18,-0.001031,
,1332620.988,25255991.89,-0.000577601,2022/11/21,-0.018323,
,1330791.299,25775487.79,0.020569214,2022/11/22,-0.001373,
,1328055.192,24659589.08,-0.04329302,2022/11/23,-0.002056,
,1313176.99,24653211.14,-0.000258639,2022/11/24,-0.011203,
,1307173.145,25078289.43,0.017242309,2022/11/25,-0.004572,
,1330482.656,24750500.52,-0.013070625,2022/11/28,0.017832,
,1333621.265,24958438.6,0.008401369,2022/11/29,0.002359,
,1354017.668,25239175.85,0.011248189,2022/11/30,0.015294,
,1355233.576,25203028.29,-0.0014322,2022/12/1,0.000898,
,1351700.482,25079283.18,-0.004909931,2022/12/2,-0.002607,
,1360897.452,25405516.36,0.013008075,2022/12/5,0.006804,
,1372704.599,25583980.88,0.007024636,2022/12/6,0.008676001,
,1371434.847,25714840.88,0.005114919,2022/12/7,-0.000925,
,1376448.813,25871691.13,0.0060996,2022/12/8,0.003656,
,1365584.502,25999311,0.0049328,2022/12/9,-0.007893,
,1351188.511,25882725.95,-0.004484159,2022/12/12,-0.010541999,
,1346567.446,26517040.51,0.024507255,2022/12/13,-0.00342,
,1364220.945,26635488.63,0.004466868,2022/12/14,0.01311,
,1349777.938,26708356.56,0.002735746,2022/12/15,-0.010587,
,1334409.366,26474056.55,-0.008772536,2022/12/16,-0.011386,
,1313996.906,25950754.59,-0.019766595,2022/12/19,-0.015297,
,1309961.622,25485016.41,-0.017947,2022/12/20,-0.003071,
,1305194.671,25176344.1,-0.012111913,2022/12/21,-0.003639001,
,1300001.302,25937401.09,0.030229051,2022/12/22,-0.003979,
,1325716.628,26082034.61,0.005576254,2022/12/23,0.019781,
,1341690.187,25712334.82,-0.0141745,2022/12/26,0.012049,
,1329610.95,25897448.91,0.007199427,2022/12/27,-0.009003,
,1335937.239,25587641.66,-0.011962848,2022/12/28,0.004758,
,1334450.341,26425505.7,0.032744871,2022/12/29,-0.001113,
,1339941.604,26213793.88,-0.008011647,2022/12/30,0.004115,
2023/Q1,1327828.532,26529378.93,0.012038893,2023/1/3,-0.00904,
,1364411.536,26096948.68,-0.016300052,2023/1/4,0.027551,
,1377309.318,26667272.4,0.021854039,2023/1/5,0.009453,
,1387672.194,26896752.96,0.008605325,2023/1/6,0.007524001,
,1406799.867,26142384.06,-0.028046839,2023/1/9,0.013784,
,1390859.418,26367547.15,0.008612952,2023/1/10,-0.011331,
,1397980.618,26602800.07,0.008922063,2023/1/11,0.00512,
,1417673.971,26596550.76,-0.000234912,2023/1/12,0.014087,
,1444056.884,26522283.53,-0.002792363,2023/1/13,0.01861,
,1447487.963,26272274.53,-0.009426376,2023/1/16,0.002376,
,1446545.648,26408102.98,0.00517003,2023/1/17,-0.000651,
,1462205.951,26288082.23,-0.004544846,2023/1/18,0.010826,
,1470465.953,26644599.35,0.01356193,2023/1/19,0.005649,
,1486344.044,26427893.73,-0.008133191,2023/1/20,0.010798,
,1467553.683,26668482.5,0.009103592,2023/1/30,-0.012642,
,1486232.706,26916001.38,0.009281326,2023/1/31,0.012728,
,1479766.107,26707253.65,-0.007755525,2023/2/1,-0.004351,
,1467139.263,26696719.85,-0.000394417,2023/2/2,-0.008533,
,1446656.532,26679060.93,-0.000661464,2023/2/3,-0.013961,
,1443175.876,26481233.5,-0.007415082,2023/2/6,-0.002406,
,1436300.587,27140429.43,0.024892947,2023/2/7,-0.004763999,
,1461239.074,26639752.87,-0.018447628,2023/2/8,0.017363,
,1447263.783,27201530.43,0.021087942,2023/2/9,-0.009564,
,1463199.605,26939585.58,-0.009629784,2023/2/10,0.011011,
,1458635.885,27016099.57,0.002840207,2023/2/13,-0.003119,
,1448423.975,26217329.79,-0.029566436,2023/2/14,-0.007001,
,1428693.544,25493425.14,-0.027611685,2023/2/15,-0.013622,
,1392784.76,25243698.51,-0.009795727,2023/2/16,-0.025134,
,1410663.938,25683132.29,0.017407662,2023/2/17,0.012837,
,1404416.108,25505136.17,-0.006930468,2023/2/20,-0.004429,
,1394232.687,25623196.9,0.0046289,2023/2/21,-0.007251,
,1397408.749,26050189.41,0.016664295,2023/2/22,0.002278,
,1381176.449,25930991.84,-0.004575689,2023/2/23,-0.011616,
,1370291.397,26101484.83,0.006574873,2023/2/24,-0.007881,
,1381227.693,26448402.66,0.013291115,2023/2/27,0.007981,
,1389711.193,27364694.42,0.034644503,2023/2/28,0.006142,
,1375297.109,26906908.81,-0.01672906,2023/3/1,-0.010372,
,1377479.705,27114349.14,0.007709556,2023/3/2,0.001587,
,,,,,-0.233576339,-0.126514214
